書名,作者,分類,狀態,按讚數,出版社,tag(最多五個),,,,,連結,簡介
影后：比夜色更寂寞,真月,愛情,連載,2959,獨家原創,跨域,求而不得,演藝圈,,,https://mojoin.com/novels/3781,"★ 臺灣原創熱播影集《影后》獨家授權改編小說推薦
一窺角色內心，揭露成名背後不可告人的祕密心事

二十八歲的史艾瑪，擁有了曾經夢寐以求的一切──
接不完的戲約、重要獎項的肯定、一線女星的地位，
然而每當在夜裡獨處，她總會被洶湧而至的寂寞吞噬。
原來有了那些還不夠，她還想要有人真心待她。
這樣很貪心嗎？但人總是貪心的，不是嗎？

直到某天，一名年輕的新人男演員出現在她面前，
他對她的刻意討好，是那般顯而易見。
史艾瑪在男演員身上看見了自己的影子，
他和當年的她一樣懷才不遇、一樣渴望成功……"
逆天萌寶，妖皇爹爹別搶娘親,小魚兒不愛花無缺,愛情,完結,110,吾里文化,古代言情,玄幻仙俠,,,,https://mojoin.com/novels/3816,"【幻想言情+古言萌寶+女強+團寵+穿越+古言甜寵+寵妻+扮豬吃虎】 
剛穿越就被黑蓮花姊妹毀容下藥，命懸一線，好不容易逃出生天，卻被人當成解藥送人了？ 
駱卿漓表示，這運氣其實有點差！ 不過，這男人長得賊帥，當她的解藥也不錯！ 本以為只是一面之緣，駱卿駱怎麼都沒想到，自己肚子裡還偷偷藏了個小崽！ 
這也就算​​了，崽崽錦鯉體質，想啥有啥，能號令萬獸，簡直不要太拉風，實乃居家旅遊、吊打渣渣之必備良品！ 
駱卿駱本想帶著崽崽吃遍天下美食，看遍萬水千山，卻不想，冒出一個男人跟她搶兒子？ 
南峪擺手：“不，我不搶兒子，我要搶的是你！”"
逆天毒妃：絕色魔尊乖乖受寵,甜茶茶,愛情,完結,110,吾里文化,古代言情,女強重生,,,,https://mojoin.com/novels/3814,"【穿越+女強+甜寵+寵妻+腹黑+扮豬吃虎+嫡女+幻想言情+天才+團寵】 
她是古武家主，醫毒雙絕，一根銀針，活死人肉白骨，一朝穿越，成了人人唾棄的廢材醜女。 
餵她毒藥，奪她真鳳血脈，毀她清白，挖她雙目！ 廢物變天才！ 
帝家嫡女逆天改命，駕馭神獸煉神丹，踩太子，虐白蓮，讓你知道誰才是女王！ 醜女？ 哼！ 紅胎散去，絕色傾城！ 被無數美男追求！ 
坐擁乾坤空間，天材地寶隨便拿，極品丹藥隨便吃，囂張狂妄.
不小心惹到了某人，從此以後，某個絕色大妖孽日常堵門:「小丫頭，看你往哪裡逃？ 」"
放過我吧，公爵大人！,湯元元,愛情,連載,58590,獨家原創,羅曼史,宮廷風,穿越,重生,先婚後愛,https://mojoin.com/novels/3643,"宋儷昀原本只是個生活在二十一世紀的普通少女，某天醒來卻驚覺，自己變成名為「奧黛莉亞」的一國公主，且公主還死過了一次，也就是說她不只穿越，還算是重生了！
她發現公主的死因和丈夫──來自鄰國的塞德里克公爵脫不了關係。英俊能幹的塞德里克位高權重，深受各方女性愛慕，公主自然也不例外。即使是政治聯姻，奧黛莉亞公主依舊深愛塞德里克，只是直到死亡前一刻，她都未曾分得丈夫一點憐愛，甚至很有可能是被塞德里克所殺。
這一次，成為奧黛莉亞的宋儷昀決定逃離這個男人！然而塞德里克卻顯然一點也不想放過她……

「不管當初發生了些什麼，都已經和現在無關了。」
「等等，塞德里克，你在說什……」
「無論妳的想法是什麼，妳都不能走。」
"
指數化愛情,小非,愛情,連載,13823,獨家原創,BG愛情,歡喜冤家,浪漫輕喜劇,,,https://mojoin.com/novels/3770,"年近三十的小資女蘇慕耘，是個渴望致富的股市小白，
於是報名參加投資名師張復恆開設的課程，
課後成為粉絲的她，決定到他開課的書店上班。

某次張復恆在課堂上教導學員進行高風險操作，
卻遭書店常客鍾梓軍出言反駁，蘇慕耘跳出來為偶像護航，
從此兩人時常針鋒相對，一見面就吵架。

只是當鍾梓軍又一次駁斥張復恆的投資觀點時，蘇慕耘竟被說服了，
原來鍾梓軍曾是投資圈裡的傳奇人物，卻在兩年前突然退隱。
為了不讓蘇慕耘在股市裡成為被收割的韭菜，
這兩名男人展開了一場激烈的投資比賽，
而贏家的獎品竟是……蘇慕耘的吻？"
離開的一路上,授權改編／理想混蛋　作者／晨羽,愛情,完結,3279,獨家原創,最美的愛情是遺憾,都會愛情,穿越,,,https://mojoin.com/novels/3785,"理想混蛋Bestards人氣歌曲改編小說．2024《看你聽的》音樂X漫畫X小說跨域特企作品

打從有記憶以來，我就始終是一抹飄泊的靈魂。
只要淋了雨，且隔天仍是雨天，我所在的時空便會發生改變，而我的靈魂也會隨機穿梭到某個人的身體裡，取代他繼續生活。
我可以成為任何人，卻無法真正擁有自己的人生。

我習慣了當個短暫的過客，也不認為有什麼能讓我停留──
直到遇見那個名叫潘葶的女孩。
這是第一次，我不希望和對方說了再見之後，卻無法再見……"
小紫,授權改編／芒果醬　作者／李柏青,愛情,完結,2688,獨家原創,都會愛情,懸疑反轉,,,,https://mojoin.com/novels/3784,"芒果醬Mango Jump人氣歌曲改編小說．2024《看你聽的》音樂X漫畫X小說跨域特企作品

害死前男友的拜金女──這是眾人對小紫的印象，包含萊特。
然而萊特卻覺得小紫像一朵驕傲的薔薇，美麗卻帶刺的姿態深深吸引著他。
於是他主動接近小紫，逐漸融化她心防的同時，也在她的溫柔中淪陷。

與小紫交往後，萊特協助小紫經營精品代購生意，還一起成立了公司，日子過得甜蜜且順遂。
就在萊特認定兩人會這樣相伴一生時，卻突然收到小紫昔日好友的告誡。
她說，小紫的一切都是假的……"
往矣,馮子緣,愛情,完結,0,原創星球,虐心,奇幻,穿越,戀愛,感動,https://mojoin.com/novels/3780,"凌小倩的男朋友唐頁是個渣男，常常令她傷心，及後，她在一場意外中過身，她的靈魂不斷縈繞在唐頁身旁，卻意外發現唐頁的改變。

作者註：封面是馮子緣在旅遊時拍下的照片，照片版權由馮子緣擁有"
A子不會預言自己死亡01,午夜藍,愛情,完結,0,三日月書版,預言,奇幻,愛情,,,https://mojoin.com/novels/3778,"「十八歲生日那天，我會死。」
自稱能看見未來的少女，找上了一事無成的我…… 

異能高中少女及絕望大學青年，共譜微帶不安的青春異想戀曲──

在劉松霖打工的咖啡店，有位讓人在意的常客。氣質清冷、總是獨坐在窗邊的安靜女高中生，這樣的少女，初次開口就是莫名其妙的預言？──她，會在18歲生日當天死亡。

劉松霖與少女許下約定，希望能幫助她活下去。但，拯救某人這件事，真的有這麼簡單嗎？想改變命運軌跡的少女與青年，一步步接近預言背後的真相──"
遺失的角落,馮子緣,愛情,連載,40,原創星球,都市,青春,暗戀,戀愛,,https://mojoin.com/novels/3732,"上集： 主人翁楚楚本來有個拍拖穩定的男朋友阿傑，但自她遇上陽光男孩樂捷以後，便再也管束不住自己的感情，深深地陷進三個人的痛苦關係中......
下集： 經歷愛情重傷的女主角楚楚，重新投入新生活，遇到新的追求者，究竟她會開展一段新的感情，還是跟樂捷和阿傑的緣份還未了斷呢?"
墮天使的羽翼,海空,愛情,完結,6,原創星球,奇幻,成長,異世界,架空,戀愛,https://mojoin.com/novels/3695,"因父母離異感到孤單的活潑女孩，
遇上從天而降遭到天界排斥的墮天使。

兩人的相遇究竟會發生什麼事呢？

一段愛情中，唯有勇往直前的去追尋，才能找到真正的幸福。"
渣男進化論,烏瞳貓,愛情,完結,3,原創星球,搞笑,短篇,歡樂,救贖,,https://mojoin.com/novels/3682,"這是我第一次覺得，想被一個人愛著，很難。
———————————————————
會讀心術的極品渣男X天然呆治癒系少女"
半與伴,胡書,愛情,完結,10,原創星球,異世界,ＨＥ,架空,玄幻,,https://mojoin.com/novels/3662,"◐ 半 與 伴 ◑
碎染有姑娘策馬似脫韁
眉眼帶勾閃艷光
素手長刀扛
冷府有公子圓滑一奸商
手中算盤叮噹響
眸底掠微芒

☾ 微天然霸氣半狐 V.S. 超腹黑陽光奸商 ☽
碎染城，大陸上有名的大城之一，虎寅國最繁榮的城市
包容性極強，不管是人、神、妖抑或是魔，皆有其容身之處
紅半湖，一個巾幗不讓鬚眉的颯爽少女，少見地以女子身分成了碎染城內的捕快
冷礿昕，一個心思百轉千迴的腹黑男子，少見地以商人身分成了碎染城內的名人
一個武者為尊的環境，一個強者為王的國家
當霸氣捕快對上圓滑奸商，孰勝孰敗？
當天然少女遇上腹黑青年，又是誰會先遺落自己的心？"
戀人,小說/程雪森、授權/美秀集團,愛情,完結,876,獨家原創,想靠近卻害怕失去,都會愛情,想愛卻不能愛,,,https://mojoin.com/novels/3659,"美秀集團人氣歌曲改編小說 ‧2023《看你聽的》音樂X漫畫X小說跨域特企作品

關曉真的心裡有個人，那個人叫做沈安頤。
自小沈安頤便總是在她身邊，他們是那麼了解彼此，
所以，當她在工作上遇到挫折時，沈安頤會來陪著她，
而當沈安頤失戀時，也都會來找她討拍求安慰──

可是關曉真很清楚，沈安頤是她抓不住的那隻飛鳥。

她永遠永遠，只會是他的「小真姊姊」，
也只能是他的小真姊姊……"
月旁月光,小說/瑪琪朵、授權/怕胖團,愛情,完結,487,獨家原創,遺忘是最好的解藥,科幻愛情,都是月亮惹的禍,,,https://mojoin.com/novels/3658,"怕胖團人氣歌曲改編小說 ‧2023《看你聽的》音樂X漫畫X小說跨域特企作品

女孩從小就害怕被拋棄，索性先拋棄別人，拋棄那些本應難以忘懷的記憶。
在明亮的月色下，她遇見一名樂手，四目相交時突然有了一瞬間的心跳加速。
樂手說他寫了一首歌要獻給初戀，她很不是滋味，原來有人能將初戀記掛那麼久。

她早就忘了第一次喜歡過的那個男孩，以及日常相處的點點滴滴，
只依稀記得兩人當時做下的約定，與歌唱有關，與月亮有關。

女孩大學畢業那年，第一批民用觀光太空船啟航，宇宙探險時代迎來新篇章。
她成為宇航公司的空勤人員，在航空站的酒吧再次遇見那名樂手，
兩人迅速甜蜜相戀，然而根植於女孩內心的害怕卻始終如影隨形……"
能不能和我留在台北（陪我幾天）,小說/吐維、授權/icyball冰球樂團,愛情,完結,474,獨家原創,台北覆滅,火山爆發,末世愛情,,,https://mojoin.com/novels/3657,"icyball冰球樂團人氣歌曲改編小說 ‧2023《看你聽的》音樂X漫畫X小說跨域特企作品

地質研究生魏冰原以為自己只是和教授一起參加火山研究學會，
沒想到剛出台北車站，她們便被幾位軍官一路載上陽明山。

沿途望見山麓繚繞著異常濃重的白煙，地表還不時出現震盪，
不祥的預感湧上了魏冰的心頭。
之後一個月，她被安排住在軍用宿舍，每天分析火山數據。

在這段枯燥又不安的日子裡，她認識了高大卻靦腆的軍官王裘，
兩人都熱愛饒舌，時常一起寫詞，關係漸漸變得曖昧。
然而魏冰還未能袒露心意，大屯山卻先瀕臨爆發，
大量的火山灰如細雪般飄散在整座城市裡，末日驟然降臨—－"
我在愛情的盡頭看見了你和我,小說/潘柏霖、授權/老王樂隊,愛情,完結,606,獨家原創,愛情消失的證據,分手不快樂,謀殺案,,,https://mojoin.com/novels/3655,"老王樂隊人氣歌曲改編小說 ‧2023《看你聽的》音樂X漫畫X小說跨域特企作品

所有的事情在發生之前都有跡可循，只是你有沒有察覺，或想不想察覺。
就像我和我的伴侶，是怎麼從甜蜜相戀走到現在這一步的呢？
他是在什麼時候做下這個決定的？
是我們終於找到一間理想的房子，他對我開心大笑時？
是他安靜走進海中，任憑海水淹沒他的腰、並打濕他全身時？
還是他在聽陳珊妮唸詩，卻失控地淚流不止時？

愛情的消失，會有多少證據？為什麼我沒發現？
或許，被愛過的我，也是愛存在過又消失的證據之一……"
守天誅,瀰霜,愛情,完結,5286,獨家原創,石榴石妖精,天界護法轉世,BG愛情,古風奇幻,,https://mojoin.com/novels/3484,"是你予我鮮血，讓我得以成妖，知曉世間情愛，
我願用此生相護，換你一世無憂。

由石榴石幻化成精的少女「紫牙烏」，一直獨自過著自由愜意的生活。
但有件事始終讓她掛在心上──助她成精的那抹血，究竟是誰的呢？
為了找到那個人，紫牙烏踏上旅程，因緣際會遇上雙目全盲的男子「丹良」。
丹良不僅溫柔地包容她的率性嬌蠻，還在告別之際，與她相約來年初夏共賞橘花漫山的美景，令她的心湖初次泛起漣漪。
然而待重逢時，卻見丹良因妖魔肆虐而渾身染血、命懸一線，
紫牙烏才猛地想起有人曾經跟她說過──
那抹血的主人在千年前犧牲雙瞳、封印了妖魔後，便轉世成人。
難道她長久以來尋覓的人，早已出現在眼前……"
愛上喝白開水的男孩,白夜,愛情,完結,20,飛燕文創,愛情,,,,,https://mojoin.com/novels/3645,"一個擅長彈吉他的書獃型男孩，
和一個迷糊容易臉紅的女孩；
一段愛的最真的感情，一杯白開水，
牽引起一段清澈如水的單純愛戀……
二○○八年情人節前夕最有滋味的白開水，
清新雋永，值得您細細品味……"
【花神淚】《冽雪凝嫣》,紫果瓊漿,愛情,完結,2772,原創星球,架空,古風,虐心,長篇,,https://mojoin.com/novels/3629,"自樓臺上相望的第一眼開始，他/她的心就已經深深淪陷了。
也許是神器的牽引……
也許，是前世修來的緣分……
但他/她更信的是——今世的註定！"
迷途,羽澤,愛情,完結,2588,原創星球,前生今世,現代,網紅,靈異,,https://mojoin.com/novels/3625,"白夏因迷路誤闖古墓後，
成功捕獲一隻男阿飄─薛風至。

不需投餵！還會煮飯！
不用清潔！還會打掃！
甚至能24hr工作，還不用付薪水！
還是節能省電的涼涼來源，
這麼棒的『飄』才，當然不能放跑呀！

※KEY WORD：靈異、溫馨※"
朱湖,依澄Q,愛情,完結,30,原創星球,少年少女,浪漫奇幻,古代,,,https://mojoin.com/novels/3620,在村子的南面有座朱湖色的湖。有傳言說，在湖中央的島嶼上面，棲息著人們所敬畏的龍——
今晚的月色很美,星琛,愛情,完結,582,原創星球,青春,成長,追尋自我,,,https://mojoin.com/novels/3613,"✵


聽說人一生中總不免會和渣男談戀愛，這大概是真的。


符雅妮陷入了深深的自我懷疑，感覺自己似乎永遠也無法擁有平凡的愛情。
她總是會被陽光帥氣的男孩吸引，符雅妮認為這是體內的「向光性」使然。
她不覺得自己有光，所以總是想向光而行。
然而卻總是在抵達終點的時候，才愕然驚覺原以為能飽腹的果實，其實是毒藥。


於是這次她乾脆地躺平。心想她不站起來接戲，這樣命運就無法再派渣男來蹂躪自己了吧？
然而看著突然出現在自己生命中的那個耀眼的男人——周澧，她的決心被狠狠的動搖了。
……這是老天在考驗自己夠不夠堅定嗎？
她一邊猶豫著，身體卻很誠實的在對方有意無意的勾引中淪陷。


她瞪著身旁那個狡猾至極的男人，看不出外表清冷的人城府竟這般深，害她不知不覺就踏入他專為自己羅織的甜蜜巨網中。
「……你得負責。」
「好啊，樂意之至。」周澧一把摟過她，虔誠獻上深情的吻。


不知道吧？早在很久很久以前，妳就是我的光了。


這是符雅妮和周澧的故事。"
狐染傾城,夏翎,愛情,完結,10,原創星球,愛情,,,,,https://mojoin.com/novels/3612,"「無論我變成什麼模樣，即使我忘記了這一切，請你一定要找到我。」
「如果有一天全世界都遺忘妳，那我會拋棄所有記憶，只為了能想起妳。」
人與妖若註定無法相戀，對於世人而言，也不過是多了一個淒美的愛情故事。"
如果你聽見,蔚海,愛情,完結,0,飛燕文創,愛情,,,,,https://mojoin.com/novels/3523,"我追逐著他，希望總有一天能打動他的心；我追著夢想，希望總有一天能夠實現。
於迷途的人生道路，即使狂風襲來、大雨降下，我仍不屈不撓，繼續向前，可我卻不知道，幸福的青鳥其實就在身旁。

「別再為我做那麼多了，別再說要表演給我看、唱歌給我聽，不要再說妳做的一切都要是為了我。」
他鬆開了手，語氣是那麼認真地，在判我出局。
「我會辜負妳。徐昭穎，我是真的不會喜歡妳。」
──好似沒有一件事情能夠實現，我的青春糟得一塌糊塗。
可是，總有一個人，會對著我笑、向我鼓舞。那個人，是不是聽見了我愛的喧嘩？"
悠然戲韶光,抒靈,愛情,完結,212,作者授權,輕鬆,甜文,網遊,,,https://mojoin.com/novels/2685,"網遊裡，除了大神，妖人和人妖也四處橫行。

身為「雲遊」這款線上遊戲妖人的其中一員
邱楓打怪下本建幫派，混得輕鬆愜意、如魚得水；
然而有天，因為一個陰錯陽差的意外，
她竟發現了同為實力榜上有名的玩家：韶光易逝的祕密。
──原來，她是個人妖。"
一騎紅塵妃子笑 卷四：長相思(END),自初,愛情,完結,0,飛燕文創,愛情,,,,,https://mojoin.com/novels/3376,"上有青冥之長天，下有淥水之波瀾。
天長地遠魂飛苦，夢魂不到關山難。
長相思，摧心肝。
──唐．李白〈長相思〉

「沫澄，我帶妳出去，帶妳離開，好不好？」

碎玉為信，懷玉其身。三生之前許諾相守，三世終得相戀。她終於記起一切，記起種種愛恨，記起自己曾經一心愛著的是他。
可他何其傻，卻為了她的安危放棄所有。那個歷史上暢吟「人生得意須盡歡」的詩仙本該快活做酒仙瀟灑一生，卻為她墮入凡塵，再傷不起。
如果相見時就已注定要三世悲傷，是不是寧可未曾相遇？

「君兒，快走吧。」

歷史的潮流顛覆襲來，她所背負著的三世宿命，是應該要承擔還是逃避？
她背負了最多最多的，不是那些已不屬於她的過往，卻是他給她承受不起滿身悲涼，是承載了三生三世的等待和哀慟──
一切混亂始於她，或許一切動亂也該終於她而復歸原位。
若記起她是痛，那麼她願意來生從此與他們永遠擦肩，再不要相見，只餘留記憶裡相思斷腸，只是未能長安……

「沫澄……待我來生，可好？」
「若有來生……」她伸手撫上他蒼白容顏，嘴角笑意越發越痛楚起來。
「若有來生……別再遇見我。」

長安回望繡成堆，山頂千門次第開。一騎紅塵妃子笑，無人知是荔枝來。"
一騎紅塵妃子笑 卷三：清平調,自初,愛情,完結,0,飛燕文創,愛情,,,,,https://mojoin.com/novels/3375,"一枝紅豔露凝香，雲雨巫山枉斷腸。
借問漢宮誰得似，可憐飛燕倚新妝。
名花傾國兩相歡，常得君王帶笑看。
解釋春風無限恨，沉香亭北倚欄杆。
──唐．李白《清平調》

「妳和李白必須儘快離開京城……片刻不得再留！」

京城暗潮洶湧。於歷史洪流，凡人的力量如此蒼白，再如何不安，卻終只能睜睜地看望，坐以待斃。
一語沉重驚醒夢中人，那月色下一舞霓裳，卻竟不僅僅是為驚鴻他目光。她和她生得並無二般的模樣，原來早是命中注定……
明明只是願望一世長安，可為何，這長安竟然這樣艱難痛苦？

「孫可君，天命不可違。」

渴望長安的夢卻無法上達天聽，時刻提醒她和他是相隔一千三百年洪流相遇。那個隨她而來的男人卻只留下一句相同的話，教她不該痴心妄想。
若是一開始便注定分離，那麼為何還要相知相守？
清平調響透大唐繁華，卻冷透五年痴心，再無喜樂。千年後千古傳誦的愛情不過是笑話，她卻只能身陷其中，無法自拔……

「君兒……莫怕、莫怕……我陪著妳，生生世世……」
「太白星君七情未斷，判之下凡一世，以去紅塵雜念！」

懸崖那驚痛一箭，一夢三生三世愛恨糾葛。卻原來，她早於千年前，就已經深深愛上他……"
一騎紅塵妃子笑 卷二：秋風詞,自初,愛情,完結,0,飛燕文創,愛情,,,,,https://mojoin.com/novels/3363,"秋風清，秋月明，落葉聚還散，寒鴉棲復驚。
相思相見知何日？此時此夜難為情。
──唐‧李白〈秋風詞〉

清朗出塵的溫雅男子如同三月暖風，溫潤如玉。她卻怎麼也沒法回報他一腔真情，只能任由心裡掛念逐漸清晰。
原來，在不知不覺間，他的情如同絲線，將她的自由牢牢束縛。
她曾經想，只要能再遇見他，她一定再也不放開，一定不再和他分別。
她可以不要所有，只要他一句不顧一切的諾言──
「天地為證，日月為鑒，結髮為盟，以此為信物，一生一世，白首不離！」

賀知章一句驚歎，卻將他捲進歷史長河，京城誠如深不見底的繁華深淵……
她知道他該是史冊上光輝留名的天上謫仙，卻越來越希望他不過是一介再普通不過的凡夫俗子。
京城裡恩怨迷霧重重，久別不見的故人也一一現蹤，引導出一個個預言的夢──
「好詩、好詩！莫非為天上謫仙人也？」

寧願遠離京城，一生安然平淡，卻在見到那人後，所有念想瞬間瓦解。
為何這一切的巧合竟越來越詭譎？那人深鎖禁宮，身不由己，又是為何悲戚心痛？
她能不能不要他功成名就，只盼他能全身而退……

"
一騎紅塵妃子笑 卷一：白頭吟,自初,愛情,完結,0,飛燕文創,愛情,,,,,https://mojoin.com/novels/3362,"淒淒復淒淒，嫁娶不須啼。願得一心人，白頭不相離。
──漢．卓文君《白頭吟》

關於穿越這檔事，基本上沒什麼人生目標的孫可君，一直只想得過且過混過無趣的大學生活，壓根兒沒想過這種千萬分之一的微渺機率。
然而伴隨著那句意義不名的話語，以及口袋裡那塊隨身攜帶的玉，她竟就這樣被帶回了一千三百年前的盛世唐朝！

「哪！玉華真君，乖乖睡去吧！」

第一眼所見是冷面純情木訥書生李太白？憂國憂民的詩聖杜甫是翩翩風流俏公子？一生失意的沉鬱詩人孟浩是妖嬈似玉花美男？
怎麼她看到的都和書上的不一樣？國文課本裡的畫像都拿來坑人的？畫裡面的李白分明是個胖子啊喂！

「我便喚妳為『沫澄』，可好？」

向來沒心沒肺，孫可君的人生愜意自在，從來嚮往無人拘管的生活，連離別也道別得爽快。可是遇見的人越多，那個人叫喚她的聲音卻越是清晰，盤旋耳際，教人越加思念，不可自拔……
倘若一生只求一人心，又到底誰才為她生死不改的一心人？"
夢迴羽憶然,蔚海,愛情,完結,15,飛燕文創,愛情,,,,,https://mojoin.com/novels/3361,"相愛是最困難的事情，
也許一對彼此坦承，世界就會崩塌……
不過無所謂，都已經死過一次了，再死一次，好像也沒什麼大不了的。
一出場就車禍死亡的邱商羽，化成了鬼來談戀愛──
「妳必須達成生前的心願，才能夠升天。」
──當聽到自己的曾祖母這麼對她說，她實在欲哭無淚，
生前天天混著過，哪來什麼遠大抱負要實現？
最重要的是，誰都看不見她，她還活著的祖宗三代加上她生前的好摯友，連她一個旋風響屁都聞不到味。無法與世界接觸的她，到底該怎麼完成願望？
一個轉角撞到愛，邱商羽撞著了一個人類，從此，就糾纏著他不放。
「你是我死後的第一個朋友！」一個霸氣的宣言，邱商羽直接判定了與邵宇然之間的關係。
她不能在這世界上留情，所以就算喜歡，也只能悶在心裡，不許對方知道。
真他媽的……邱商羽現在真寧可下地獄，消失在人間，也只想聽到一句「我也喜歡妳」"
請你對我唱,蔚海,愛情,完結,5,飛燕文創,愛情,,,,,https://mojoin.com/novels/3303,"有些人、有些事，會一輩子牢記在自己的心，就如我對他、就如他對我──

對他而言，我就像是一個大災難，只因為一個小小的理由，就展開了近十年的孽緣。

可是，誰說努力不懈就會有好結果？
對我來說，他一直都是差一步就能夠抵達的終點。
離得好近，卻又走不進他的世界。

雖然他什麼都比我好、頭腦也比我還要聰明，但就唯獨面對喜歡和愛，總是避而不談、總是希望能逃避到天涯海角、裝傻裝得比我還要傻。"
我和她的愛情進行式,青鷹,愛情,完結,0,飛燕文創,愛情,,,,,https://mojoin.com/novels/3215,"我的高中生活本來應該是慘白的，
每天除了充當死讀書的行屍走肉外，
毫無任何樂趣可言。

然而，同班的方卉玉卻突然開口說：
「哎！我要追你。」
而且還付諸行動！

這究竟是愚人節玩笑，
又或是甜蜜而痛苦的開始呢？"
在。途,薇薇公主病,愛情,完結,0,獨家原創,愛情,,,,,https://mojoin.com/novels/3212,"在這個人類與人偶已經密不可分的時代，許多人開始思索究竟人偶的存在是什麼樣的定位。

然而在人類追尋答案的過程中，他們忽略了，人偶也在追尋同樣的答案......"
法蘭城的變革,狗妹,愛情,完結,0,獨家原創,愛情,,,,,https://mojoin.com/novels/3205,"改編自線上遊戲《魔力寶貝》，原本和平的法蘭城忽然遭受惡魔的襲擊，

勇者們的全新冒險即刻展開！"
我想再見你一次,優析,愛情,完結,140,獨家原創,愛情,,,,,https://mojoin.com/novels/3207,"她因為一場夢境，穿梭到另一個世界，
吵雜的聲響，四處追趕的腳步聲，
在睡意還沒有散去時，眼前突然出現一個模糊身影，
將她從夢中喚醒得同時一股力量將她拉起身，
而他們的相遇就在這一刻開始......

是什麼原因將她捲入他的世界？

她又如何回到原來世界？"
戀上陰間鬼丈夫,流光,愛情,完結,47,吾里文化,BG愛情,,,,,https://mojoin.com/novels/3159,"自從我戴了那個戒指以後，就開始做同一個夢，
夢中我和一個男人發生了羞人的事情，我不好意思跟父親訴說。

但父親的舉動變得很奇怪……"
攝政王的掌中嬌,清粥醬菜,愛情,完結,100,吾里文化,BG愛情,,,,,https://mojoin.com/novels/3158,"【重生+女強+寵妻+甜寵+皇叔+王妃+古代言情+嫡女】

前世鳳曦瑤眼瞎，以致最終連累滿門，自己也落得個剝皮抽筋的下場。
當她含恨而死後，誰知再次睜眼她居然重回到三年前，一切都尚未發生之際。
鳳曦瑤步步警惕，小心提防。
毒辣庶妹想要攀附皇家，那她便主動成全，撕破白蓮花妹妹的偽裝，要她此生受盡折磨！
渣男一心想要拉攏利用自己和父王的權勢稱帝，那她便一步步斷了渣男的登基之路，要他求生不得求死不能！
然而，正當鳳曦瑤一步步精心算計，恐生變故之際，為何一貫深居簡出，清冷不問世事只存在於傳言中的皇叔沈驚瀾卻頻頻出現在她身邊？

鳳曦瑤看著眼前猶如謫仙般清冷寡淡的沈驚瀾，猶豫開口：「皇叔，既然這麼多年您心中也無心悅之人，而皇祖母也為您的終身大事所憂心。我鳳曦瑤也同樣，且鎮南王府也不願成為他人的倚仗被其利用。不如，你我假意成婚，待一切塵埃落定後，你我橋歸橋路歸路，可好？」

沈驚瀾冷哼一聲，未置可否，神情冷淡疏離。

誰知，婚後，一貫清冷俊雋攝政王搖身一變成了妻奴，滿心滿眼的都是鳳曦瑤。"
贈他情深不相思,斬桃,愛情,完結,0,吾里文化,BG愛情,,,,,https://mojoin.com/novels/3157,"葉初離開六年後攜女歸來，鐘遲看著那眉眼酷似自己，卻喊著自己叔叔的小女孩，心裡的執念和憤怒叫囂著要把葉初拉進地獄，狠狠折磨，讓她餘生都用來還債。
然後，鐘遲的確佔有了葉初的餘生，只不過，是寵了她整個餘生。
-說來可笑，我驕傲了二十年，卻為你折了腰。

恨了六年，卻為你一敗塗地。
我想，時隔經年，我依舊思念你的話，大約地獄也是天堂。

——鐘遲無以為報，願意一腔情深相贈，聊表心意。

——葉初"
爆寵甜妻：影后太囂張,孟知,愛情,完結,20,吾里文化,BG愛情,,,,,https://mojoin.com/novels/3156?sw=1,"前世，她是萬眾矚目的影后，卻懷著屈辱與不堪，在最好朋友的背叛與陷害中死去。
意外重生在胖妞江夏身上，有人看不起她，嘲笑她，而她決定重歸娛樂圈，將那些曾經欺辱過她的人統統踩在腳底下。
她打臉正打得開心，卻意外相識某總裁，一路艱險，他唯願護她周全。

「等了你這麼久，江小姐，願意和我共度餘生嗎？」

大仇得報，她感到一陣快意，卻忽然被攬入懷中。"
法醫娘親颯爆了,天下。,愛情,完結,110,吾里文化,古代言情,穿越架空,,,,https://mojoin.com/novels/3819,"21世紀女法醫琴晚，醫解雙刀，一刀治人，一刀驗屍 
結果她因事故意外死亡穿越到同名同姓的女孩身上
穿越當下就遇上難產、兇殺， 但她莫名多了金手指？
親手剖腹產子，還驗屍破案， 結果卻被路過查案的巡按沈遇盯上，為躲麻煩，改頭換面隱走他鄉。

誰想一日，又遇上
沈遇眸色氤氳，冷芒暗藏，大手緊掌細腰將人扣住。
「帶著本王的孩子，還想跑？」
琴晚眸色清冽，無波無瀾。
「有何不敢，畢竟某人不行」"
生存大佬她又狠又撩,禦七君,愛情,完結,0,吾里文化,古代言情,廢材逆襲,,,,https://mojoin.com/novels/3818,"【女強＋爽文＋無限流＋升級流＋金手指嘎嘎猛】 
在奚鹿除了一條爛命一無所有時，踏入了一款生存遊戲。 
只要活下來，可以拿生存積分兌換現實中的一切，包括金錢、豪宅、名牌…… 很快，她發現了自己的與眾不同——她的眼睛可以看透這款遊戲的代碼，整個遊戲世界任她操控！ ！ 
那麼，真正的遊戲開始了。
 —————溫馨提示———— 書中感情線慢熱，非一見鍾情，男配多，1v1，金手指會升級。 
女主角權衡利弊不愛救人不喜勿入，比心~"
將門嬌，暴戾攝政王你被拿捏了！,見一抹綠,愛情,完結,0,吾里文化,古代言情,女強重生,,,,https://mojoin.com/novels/3817,"【重生+古代言情+嫡女+甜寵+寵妻+皇后+女強】 
前世的蘇羨慕漁活的糊塗，夫君慘死自己面前，自己也被黑心肝的一刀穿了心。 
重生歸來，蘇羨慕漁自己送上門去，嫁給了前世的夫君。 
虐渣女，打渣男，平戰亂，成為了遠近聞名的將軍。 
而她的夫君，前世的攝政王卻成了帝皇，在封後典禮當晚。 
攝政王大人在她耳邊呢喃：“今生，我可是你想要的了？
「 蘇羨慕漁咬著小手帕，一身冷汗，縮到角落，“你，你，你也是重生的？」"
醫庶成狂：盛寵世子妃,藍衣初雲,愛情,完結,174,吾里文化,BG愛情,,,,,https://mojoin.com/novels/3155,"21世紀的天才醫生蘇小小，因為一場催眠事故，不小心重生在蒼藍大陸西涼國成為藥學家族意外身死的天才庶女身上。
沒事兒，醫經在手天下我有！姐過目不忘，毀了看誰敢搶！

醫也好，毒也好，藥這東西就和女人一樣是把雙刃劍，用對就好。
醫術麼？簡單！催眠術麼？更簡單！
各國皇子，她桃花不斷，唯一有挑戰性的，大概只有眼前這冰塊兒將軍了吧？

「娘子，咳咳，為夫有隱疾，這……」

「放鬆，我幫你檢查檢查，治愈治愈！」"
醫見鍾情,辣筆小新,愛情,完結,0,吾里文化,BG愛情,,,,,https://mojoin.com/novels/3154,"微博寵物小達人蘇麥麥，一見鍾情主治醫生江苡仁。
為了早日追到江美人，誘拐人家狗子哈里，憑藉著寵狗子就是寵主子的原則。
蘇麥麥使出殺手鐧，十八摸連環扣，層層撬開江美人的心坎，
終有一日，江美人感覺到了危機四伏，拎人，「想做我大腿？那麼自己爬上來……」"
舊恨相思纏做繭,森林野生小石榴子,愛情,完結,22,吾里文化,BG愛情,,,,,https://mojoin.com/novels/3153,"她在風月場裡等一場愛情，從青樓小花，等到她成為，
艷冠天下的第一名妓從動心到動情，從心灰到心思「從三年前，到你將我買入你府中，你林軼聞到底、可曾愛過我？」
他一句「等我」，讓她在得不到有關他任何消息的情況下，等了三年。

在她覓得良人，要贖身離開的當晚，他強行要了她，並將她買下，囚在府中日夜發洩折磨。

她被下人污衊構陷，他視而不見。
她被官差輪番毒打，他充耳不聞。
她被山匪挾持侮辱，他漠然路過。
她生下死胎精神崩潰，他要她再懷一個。"
總有刁民害本宮,林遲染,愛情,完結,620,吾里文化,BG愛情,,,,,https://mojoin.com/novels/3152,"【穿越+嫡女+醫妃+空間+寵妻+爽文+1v1】

她是二十二世紀，能醫會武的第一神醫，卻穿越成府中連丫鬟都能踩一腳的廢物嫡小姐。
待她手持空間，光芒萬丈翻雲覆雨，顛亂都城驚艷四季，欺負她的人一個都別想逃。
他是擁有戰神稱號的太子殿下，全都城女人的夢寐以求。偏被這個『廢物』撿了便宜。
誰說太子妃是廢物，本宮可是錦鯉。宋延汐上得廳堂下得廚房，保了殿下前程似錦，旺夫的面相讓殿下喜得愛得！

初見，殿下撩人：「如此趣人，兩清豈不可惜。」
後來，殿下霸氣：「本宮的小野貓，撓死人本宮賠。」
娘娘掌管東宮時，殿下在床：「愛妃，本宮冷了。」"
錦繡良緣：撿個太子來種田,歐畢零三,愛情,完結,30,吾里文化,BG愛情,,,,,https://mojoin.com/novels/3150,"大明星溫如月威亞失事，一朝穿越重生喜當娘；丈夫剛死就被掃地出門，領著四個娃無家可歸；小寡婦絕地逢生，鬥長嫂，撕流氓，各種計策賺大錢；
日子本是逍遙自在，可誰知當初無意間撿的傻子盡然是當朝太子，自己的小竹馬？"
錦繡田園，嬌俏村婦有點甜,鶯時醉,愛情,完結,0,吾里文化,BG愛情,,,,,https://mojoin.com/novels/3149,"蘇小鳳死了，又活了，確切的說是重生了。
重生在了不知哪個朝代的農戶中，是個重達二百斤的大胖子。
這個家不好過，前有奸詐嫂子，後有時時想要霸占他們家那三畝地的二叔。
作為新時代的女強人，蘇小鳳表示這些都不是事兒。
她只有一件心事。
自從下嫁給村東頭的醜瘸子後。
她發覺醜瘸子竟然不醜也不瘸，還是個大美男，而且身份超級逆天。
最最重要的是，他總是變著法兒的想要她那點家當！！！"
獨寵狼妃：王爺要惜身,妖紅,愛情,完結,1,吾里文化,BG愛情,,,,,https://mojoin.com/novels/3148,"她逆來順受，溫柔嫻淑，卻落得家破人亡，幼子被人挖心。
重生一世，她要遇神殺神，遇魔殺魔，她要逆天改命，哪怕是要霍亂天下；
他從小面容被毀，狠戾無情，一著心動，為她上天入地，生死無悔。

「娶我？王爺沒聽人提起，我缺一點為狠，心狠手辣，多一點為狼，狼心歹毒？」
「本王就喜歡你這狠毒的樣子。」
「我心眼小，可容不得你後院有其他女人，你就不怕我把她們撕碎。」
「本王心中眼中只有你一個女人，後院之中，也只容你一位女人，若是有母的，你愛怎麼處置就怎麼處置。」
「我……」
「王妃不用說了，什麼條件我都答應你。」"
嬌妻來襲：推倒首席大人,慕容小杰,愛情,完結,1,吾里文化,BG愛情,,,,,https://mojoin.com/novels/3147,"身為一個小小娛記，沈凌薇最大的夢想卻是成為娛樂圈影后！
誰知道，卻一個不小心被囂張的總裁大人給潛了潛了潛了！！！
星途還沒璀璨，困難接踵而至，緊接著，天大的秘密一個一個揭開！
且看歡喜冤家如何終生眷屬！面對桃花一二三朵，看沈凌薇如何掐掉陳雨澤的爛桃花！
沈凌薇不僅要翻身農奴把歌唱，一躍星途成影后，撲倒總裁麼麼噠！還要回家啪啪啪！"
墨少的新婚罪妻不好惹,妍妍妮子,愛情,完結,1,吾里文化,BG愛情,,,,,https://mojoin.com/novels/3146,"一個通話記錄，紀婉晴被丟進了監獄中。
從此人生髮生劇變。
未婚夫被搶，家里人拋棄，雙腿被打成殘廢，出獄後還要被人踩賤侮辱……
一無所有的她想要好好活著都是奢望！
可他卻闖進了她的世界。
她以為他是她的光，她的救贖，卻不想他竟是罪魁禍首！
絕望的紀婉晴只想逃離！
可墨一寒卻如影相隨。

「你的前半生因我而毀，你的後半生有我來償！」哪怕付出生命，他也只想給她幸福！"
鳳妃謀,懸玲不語,愛情,完結,0,吾里文化,BG愛情,,,,,https://mojoin.com/novels/3145,"蓮霜沉作為一個女殺手，可謂兢兢業業……
別人在主公面前獻媚，她在殺人！
別人在主公面前詆毀她是叛徒時，她還在殺人！
……
主公無奈，派她去刺殺樊帝，多日後——
主公問：「樊帝死了嗎？」 屬下回答：「沒有。」
主公問：「為何？還有她蓮霜沉殺不掉的人？」
屬下回答：「她好像對樊帝……」

主公莫名覺得煩躁，衝進樊宮。

蓮霜沉：「你對我動情了？」
主公：「我沒有！我不是！我不可能！」"
辣妻天降：鬼夫去種田,葉兒綠,愛情,完結,10,吾里文化,BG愛情,,,,,https://mojoin.com/novels/3144,"好人不長命，禍害遺千年！
葉梓萱不過是難得的做了回好人，結果就被撞身死，靈魂穿越回了古代。
家中一貧如洗，自己被賣沖喜，丈夫癱瘓在床不說還一堆極品親戚，難道好人真的做不得？
等等，床前這飄來飄去的是什麼？
不會是……
鬼啊！

葉梓萱：「現在天黑了，快去給我種田！不要一天飄來飄去！」
某隻阿飄：「是，娘子說得對，為夫這就去！」"
誘拐呆萌妻：少董寵愛無度,黛夢,愛情,完結,92,吾里文化,BG愛情,,,,,https://mojoin.com/novels/3143,"只是一個協議婚姻，做做樣子的婚禮，兩個人以夫妻名義生活著，沒料到，
兩顆心卻慢慢地當了真，卻又默契地選擇了不驚動另一顆心。

她只當他還一心一意愛著那嬌俏可人的七年小女友，一直，一直不敢說出口。
他也只當，她是為了不想坐牢，是為了還上一輩的情，勉為其難地做著他晉家的大少奶奶。
當她離去後，他發現自己夜夜難眠。
而離開了他的她，將全部的思念灌注在，她與他的兒子身上。
再次的相遇，終於都知道彼此錯過了多少，還好，不曾錯失你。
"
蜜戀甜妻：早安，男神,阮郎歸,愛情,完結,10,吾里文化,BG愛情,,,,,https://mojoin.com/novels/3098,"墨小妖去面試，卻遇上了過於風姿綽約的面試官，她一個激動，鼻血長流外加不雅暈倒！
一覺醒來，男神還在眼前！

墨小妖趁機理直氣壯的告白：「是你救了我啊，那你就是我的救命恩人了！
鄙人此生無能故無以為報，唯有以身相許才能表達我對你的感激之情，望您能給我報恩的機會。」

然而男神太傲嬌，想要轉移話題！
哈！當她墨小妖是善男信女啊！且看她怎樣花樣搞定男神！"
團寵萌妃超凶噠,安徒離,愛情,完結,23,吾里文化,BG愛情,,,,,https://mojoin.com/novels/3097,"樓容漪死後才知道，自己是一本書中的砲灰女配，
重生歸來，她只想抱穩男主大腿，
避過死局危機，努力活到壽終正寢，
然而不知不覺成了團寵。

爹爹：「欺負我女兒的都得死！」
某和尚：「寵容容，得好運。」
某神醫：「徒兒好，徒兒妙，徒兒是萌萌噠小棉襖。唯有男主黏手還會咬人，不光抱上就不給撒開，還被他逼進牆角，緊緊抵住。」

男人灼燙的氣息拂過耳尖：「容容，別想躲開我。」
樓容漪紅著臉悲憤，指著自己脖子上他留下的罪證：「那也不能動嘴啊！」
男人陷入沉默：「難道，可以直接動手？」"
農門嬌寵：王妃原來是首富,杏花雨瓣兒,愛情,完結,0,吾里文化,BG愛情,,,,,https://mojoin.com/novels/3096,"【古代言情王妃種田穿越甜寵寵妻】

她，是貴婦圈裡千金難求的全能時尚達人。
一朝穿越，居然成為被分配到鄉下改造的落魄王妃。
京城里人人嫌惡，在鄉下也是人人喊打。
這不剛睜開眼睛，就被人揮刀追了八條街。
不過嘛！危機也是機遇，這不她又將時尚事業發展到古代了麼。
然後她那腹黑不好惹的夫君，就听說她在鄉下混得風生水起，冷臉找了過來。

「王妃乃千金之軀，如此拋頭露面成何體統！」
「所以，王爺這是要問罪，還是藉口想接我回府呢？」
「本王……」

蕭禹宸將她攔腰摟進懷中，

「王妃這麼閒不住，不如替本王生一窩猴子耍耍。」"
督軍，莫問歸妻,vivi薇安,愛情,完結,0,吾里文化,BG愛情,,,,,https://mojoin.com/novels/3095,"賀晉存從沒想過會愛上聶婉清，愛的那麼深那麼狠。
然而感情就是如此，遇見了她，便像是著了魔。
以前，大帥府的人都說，他和她是情正逢時。
可後來，他才明白什麼叫做緣淺情深。

「你殺了我吧！」她跪著求他，痛不欲生。
他冷著臉道：「既然你這麼想死，我便讓你給那個姓蔣的陪葬！」
他手握重權，攬盡繁華，可沒了她，一切不過是裊裊雲煙。"
爺，王妃又砸牌匾了,孜然粉哇,愛情,完結,2,吾里文化,BG愛情,,,,,https://mojoin.com/novels/3094,"再次睜開眼，蘇落清竟然穿成了爹不疼娘不愛的庶女，
被未婚夫休棄不說，還被迫嫁給了一個殘暴冷血王爺顧北擎？
在府裡一沒根底二沒勢力受人欺侮，小妾還敢爬上頭作威作福，反了天了！
她堂堂一代名醫，在21世紀威風八面的人物，豈能栽在這裡？
「統統發賣！」
她憑著王妃的頭銜，開始欺壓小老婆，
本以為能夠鯉魚翻身，卻沒想到撩到了某個腹黑男人的心窩……

【小劇場】
「爺，王妃將柳府牌匾砸了。」
「為何？」
「說是柳家小姐試圖勾引爺，給點教訓。」
「無事，重做一塊送去。」

幾日後。
「爺，王妃又將全京都的牌匾都砸了，說是小姐們故意接近爺。」
「統統重做送去。」
…
蘇落清站在聶王府，正要舉石頭，男人攬住她的腰。

「王妃，使不得，這可是皇上欽此，不能砸。」
「砸，只要你高興。」
【這麼寵？ 】
【寵得無法無天，王爺寵起妻來不得了，惹得全京都姑娘們都春心蕩漾，要男人只要這款！ 】"
愛你情深意長,夏涼初,愛情,完結,520,吾里文化,BG愛情,,,,,https://mojoin.com/novels/3093,"十年前，他救她出火海，
用身體擋住了倒塌的樑柱，從此前途斷送。

十年後，他已經站在雲端錢權在握，精心的策劃只為誘她入局。
「卓先生，時間到了，我們的協議婚姻該結束了。」
她遞上的離婚協議書被他撕的粉碎。
－
我曾留有私心，如果這輩子都找不到你，那麼下輩子我想再試一次。"
愛你入骨：老公請多指教,點絳唇,愛情,完結,20,吾里文化,BG愛情,,,,,https://mojoin.com/novels/3092,"如果說顧少最痛恨的女人是誰？
非安洛心莫屬。
傳聞安洛心是上流社會的恥辱，更是顧少心頭的刺。
用了四年的時間，顧少好不容易的抽身想要結婚，
卻沒想到她高調出現，搶婚，撩撥，
無論他如何躲避，反抗，都一一無效。

「你究竟要如何才肯滾出我的世界？」最終，他忍無可忍。

「怎麼辦，我好像習慣了你的存在。」眨眨眼，她顯得這般的無辜而又嬌媚。

愛一個人，是不是就這樣，彷彿打不死的小強！
顧承易，我愛你，也怕你。
累了，我可以逃嗎？
她準備離開，卻被慌亂不安的他一把拽住，「女人，你敢離開……」"
愛妃，你馬甲又被扒了,是阿灼啊,愛情,完結,60,吾里文化,BG愛情,,,,,https://mojoin.com/novels/3091,"王爺說：「我家夫人是個柔弱得不能自理的女子，你們不要欺負她。」
被打得鼻青臉腫的將士痛哭，到底是誰欺負誰！

王爺說：「我家夫人是個鄉下人，不懂調香、禮儀，規矩，你們不要笑話她。」
那些被王妃搶盡風頭的名媛小姐望著手上拼了老命高價才買來的香料頓時陷入了沉思……

王爺說：「我家夫人以丈夫為天，我說東她連個西字都不敢想。」

眾幕僚：「是誰每晚跪著搓衣板唱征服？」"
嫁入豪門後她甜翻了,墨小言,愛情,完結,137,吾里文化,BG愛情,,,,,https://mojoin.com/novels/3090,"一場交易，她懷著陌生人的孩子嫁給了所謂的娃娃親對象。
本以為在三個月內，借用『霍夫人』的身份將自己屬於自己和母親的一切搶回來。
不曾想到至此卻被男人給糾纏上了。
黯然離開，三年後，喬依帶著龍鳳胎席捲時尚界。
男人恬不知恥得壁咚，牆咚各種咚。

霍擎澤：「依依，該給孩子上戶口了。」
喬依：「……」"
媽咪，爹地掐你桃花了,我是阿歡啊,愛情,完結,67,吾里文化,BG愛情,,,,,https://mojoin.com/novels/3089,"五年前，白芷汐被舅媽設計，
與陌生男人纏綿一夜，還差點慘死在舅媽手上。

五年後，她帶著寶寶強勢歸來，
他們拿走屬於她的東西，她統統都要拿回來！
仇，她要報！娃，她也要養！
只是養娃道路上多了個絆腳石。
簽約經紀公司，公司總裁竟然是孩兒她爹！
從此讓人聞風喪膽的大總裁，愛上了蹲劇組。
每天陪著媳婦兒拍戲，幫媳婦兒收拾渣渣，還順手掐了她的桃花！

「爸比，昨天有個帥叔叔，去劇組給媽咪送花了耶！」

「誰敢給我老婆送花！封殺他！」"
馭獸女帝,戀月兒,愛情,完結,4,吾里文化,BG愛情,,,,,https://mojoin.com/novels/3088,"再次醒來，她成為七歲稚女。
與孿生哥哥相依為命，被毒打、被拋到亂葬崗上。
命不該絕，她與哥哥被神秘隱世高手所救。
開始新的人生。再次出世，七歲女娃已然成為絕美少女。
騎著白虎、吹著玉蕭，領著千軍萬獸橫掃江湖。
欠他們兄妹債的人一個也休想逃。
血債血還，敢動她最在乎的人，就要有死的覺悟。
她罩的人，願以命相護。
她的敵人，弒殺不休。惹她，必死；惹她哥哥，讓你生不如死。
……
馭獸女一出，引無數美男競折腰。

他說：能配得上你的人只有我。
他說：一生一世一雙人，我只要你。
他說：不能相愛，但求永相隨。
……
一個個美男登場，一場身世之謎也拉開。
她竟不是將軍的女兒，那麼，她是誰？"
貴女重生：將軍大人掌上寵,韻白,愛情,完結,2,吾里文化,BG愛情,,,,,https://mojoin.com/novels/3087,"【蘇爽宅鬥好文！女主超靈，醫毒雙絕，男主非無腦霸道寵】

前世，父親斬首、母親自縊、抄家滅族，李太后毀了她全家！
逃入花坊，陰差陽錯下她被李太后之子強擄入宮，更因他慘死！
重生到一切慘劇尚未發生前。

極品親戚謀害母親？讓她後悔來到這世上；

前世渣男說愛她？直接奪了他的帝王之位；

偽善姨娘惡毒姐妹，通通給我靠邊站。
這一世，葉蓁蓁只想做一個惡人，護住所有心愛親近之人，
冷心冷情的過一生只是誰能告訴她，那個世人眼裡孤傲冷峻的少年英才，
為何一見她就面紅耳赤，溫柔似水，化了她冰封的心。"
萌寶助攻，總裁奶爸要追妻,可可達鴨,愛情,完結,25,吾里文化,BG愛情,,,,,https://mojoin.com/novels/3086,"閨蜜撬走男友。
她一報還一報，轉身投奔閨蜜舅舅的懷抱。
一夜迷情，卻遭人誣陷，一時桃色緋聞滿天飛，不得已帶球跑路。
五年後歸來。

盛世集團總裁盛淮寧遭萌娃抱大腿，「爹地，不許你走！」
某女人卻死不承認，「抱歉，盛先生，我兒子認錯人！」

後來的後來，離了婚還帶著娃的文涼被權貴一方的盛家公子盛淮寧苦追。
有人羨慕有人妒恨，可只有文涼知道，從始至終，不過此一人矣。"
報告爹地：媽咪是重生的,結寶,愛情,完結,1,吾里文化,BG愛情,,,,,https://mojoin.com/novels/3085,"上一世，蘇白被渣男迷了心竅，
為他生下兒子回歸家庭，卻不想他和她的妹妹早有姦情。

直到她被凌虐至死，她才知道最愛她的父親是被他們害死的，
疼了多年的兒子根本不是她親生的，她的孩子一出生就被渣男掉包了！

那一晚和她在一起的另有其人！
重生歸來，蘇白復仇虐渣，找到寶貝女兒，還附贈了一個男神級別的老公。

她緊緊抱住老公的大腿狂刷好感：「老公，女兒不能沒有媽媽，你考慮一下我。」
男人神色冰冷：「你昨天還和別的男人糾纏不清。」
蘇白摟著他不撒手：「都是誤會，我是去談離婚的，反正我現在就是荔枝媽媽，你太太！」
男人計謀得逞，反客為主：「好，簽字領證！」"
報告仙君：帝姬她，恃寵生嬌！,民小蘇,愛情,完結,0,吾里文化,BG愛情,,,,,https://mojoin.com/novels/3084,"「仙君，快去看看吧！你家帝姬她她她又闖禍了！」
「我寵的，有意見？」

送走同僚，顏淵按了按太陽穴，
自從養了這個禍患，每天聽不見第二句話。
狐妖出身的尹花休放肆成性，天下人皆知仙君顏淵收了個無法無天的小妖，卻又都門兒清神帝護短的厲害。
這可把在天庭上房揭瓦踩蓮虐渣的尹花休高興壞了。

「我著實也不想這般趾高氣揚的，奈何我家仙君說了，有他在，什麼都不用怕！」

仙君汗顏，我何時說過這等話？
難道是……哪天夜裡？"
傅少，今天護短了嗎,奔跑的小米粒,愛情,完結,180,吾里文化,BG愛情,,,,,https://mojoin.com/novels/3083,"重生歸來的寧歡一棍子掄暈了渣男。
私奔？不存在的，她眼睛又不瞎！

翻牆爬樓，遇上死對頭，
寧歡表情驚悚地摀住了自己的臉，快，她的眼睛要亮瞎了！

傅沉，傅家老么，A城出了名的病秧子，
陰險狡詐獨斷狠戾，自從寧歡出現後，他又多了一個專長——護短！

「傅少，夫人回寧家炸了她叔叔的婚禮現場！」
傅沉：「她消氣了嗎？沒消氣的話再炸一下！」
下屬：「！」那是個人，又不是炸麻花！

身為寧家長女的寧歡前世活得不如一條狗，
重生回來的她磨刀霍霍，披荊斬棘地宰豬宰羊，身邊更是有了個保護神。

傅沉：「刀給我，我幫你！」"
閃婚蜜愛：異能嬌妻別亂來,花落瑾殤,愛情,完結,0,吾里文化,BG愛情,,,,,https://mojoin.com/novels/3030,"據說，總裁夫人不是人呢。
據說，總裁也不是人呢。

不知何時開始，流言四起，蕭鴻翊半瞇著眼睛，手裡拿著鍋鏟對助手說道：「去讓別人改口。」
助手一臉懵逼：「要改口這不是強人所難麼？最近夫人不知道是怎麼回事，總喜歡用異能解決一些問題，以前還好，可現在，連掃地這樣的事情都用異能代替了，還被人給看到。」
「這個是你的事情，不是我的事情。」

助理：「……」
「老婆，可不可以商量一下，異能什麼的，就不要用了。」
「我才不要，異能多方便？」

 某人扶額：「可是你也不能當作生活技能啊。」
「可以啊，那我先出去買個菜。」
 半個小時後，助理一個電話：「總裁不好了，夫人留了紙條說再也不見，怎麼辦？」
「追啊！還能怎麼辦！」"
追愛365天：宮少誘捕小淘妻,繁星落,愛情,完結,40,吾里文化,BG愛情,,,,,https://mojoin.com/novels/3029,"「女人，看光了本少的身體，你難道不該負責嗎？」他雙手將她禁錮在車廂一角。

言曦掏出匕首抵在他的下身，冷笑，
「現在還要負責嗎？」男人邪眸微瞇，反手奪過匕首對準她纖細的脖子，

邪笑：「負責！」
「混蛋，你別忘了當初是誰救了你！」她咬牙。

「當然沒忘，本少這不是打算以身相許嗎？」他低頭舔了舔她的紅唇，味道真好，找了那麼久，你以為你還逃得掉嗎？
生死之際，這個霸道邪魅的男人在海里托著她的腰，
深邃雙眸凝視著她：「你說過，你最大的心願是活在陽光下，而我宮少爵，就是你永遠的太陽！」
【這是一個腹黑爵爺霸寵特工小野妻，共造天才兒童的故事！ 】"
追妻36計：王爺太難纏,吃蘿蔔的蘿蔔。,愛情,完結,22,吾里文化,愛情,,,,,https://mojoin.com/novels/3028,"玩個網游，刷個副本，直接穿了，還好死不死的把人家新娘給砸暈了，
蘇晴嵐只好代替原主嫁給了慕容玉卿，沒想到這貨性情暴躁，還是個殺人不眨眼的傢伙，
帥是帥，就是太整，

「既然嫁給本王，王妃就行使一下職責吧，取悅我。」
「怎麼取悅？」
「本王教你，琴棋書畫樣樣精通，那麼就全套做下來。 」"
情禍,妝瓣兒,愛情,完結,0,吾里文化,BG愛情,,,,,https://mojoin.com/novels/3052,"鄧楠喬北崔攀。
講述的是鄧楠為了給撫養自己長大的結界報仇不惜墜入紅塵爬上崔攀的床的故事。
鄧楠本以為這隻是一場單純的複仇但在最後才知道她掉入了一個滿是陰謀的陷阱，
而最後，她竟愛上了一個早已心死的男人。"
許卿百世無憂,胡蘿蔔大大,愛情,完結,0,吾里文化,BG愛情,,,,,https://mojoin.com/novels/3044,"天下第一莊的莊主以盛大婚宴迎娶一名女娃。

「聽說你養大我，只為了報復我爹？」
「你聽誰說的？」
「你只告訴我，是或者不是。」
「是。」

於是她看著他，微笑含淚的走出他的生命。
曾經他執意復仇讓她受到傷害，如今他願意用自己餘生來彌補。

「後悔嗎？」
「許卿百世無憂。」"
莫以浮生,路圓圓,愛情,完結,0,吾里文化,BG愛情,,,,,https://mojoin.com/novels/3043,"他是陸家名門的二公子，才貌雙全，矜貴清冷。
三年前，她同他一夜歡纏。
三年後再遇，他已婚，她訂婚，他為她離婚，要她做第二春。
所有人都說他和她不配——
她還是義無反顧地嫁了。

最後的結果便是：
在白雪紛飛的夜晚，她淨身出戶，孑然一身，懷裡抱著死去的孩子，站在她身旁陪著她的，是別的男人。
莫安暖：「我想過安穩的生活，奈何，感情不讓。」
衛信宇：「如果再給我一次機會，當年我定會娶你。」
陸浮生：「我們重新認識吧，就止於你的名字，陸太太。」
陸競琛：「能讓她做陸太太的，不止你一個。」
……
你生命中總會遇到三個男人。
一個驚艷了時光，一個溫柔了歲月。
還有一個讓你明白，時光是假，歲月亦是假，莫以浮生度流年。"
盛世嫡妃：我為陛下平天下,珺婷,愛情,完結,0,吾里文化,BG愛情,,,,,https://mojoin.com/novels/3042,"一朝穿越，她竟成了痴傻棄妃。
棄妃就棄妃吧！
虐渣，打臉，手撕綠茶婊！
她一路開掛，無所不能！
外帶拐了個超級美男，當成貼身丫鬟！
王府待膩了，她就去皇宮逛一逛，
一不小心，竟把皇宮也鬧了個天翻地覆！
王爺，皇上，齊齊拜倒在她的石榴裙下。
就在她厭惡這兩朵煩人桃花之時，美男丫鬟帶到走進一條神秘通道。
從此驚險、稀奇，奇遇不斷。
忽然一天，美男丫鬟變成冷面王子！
殺伐果斷，叱吒風雲！千夫冷對！
唯有對她含有脈脈，深情款款，情意綿綿！
二人聯手，仗劍江湖，所向披靡，她全力助他登上皇位。
這冷面帝王剛才還一副正人君子模樣，可轉眼之間這冷面帝王就拋開帝王所有尊嚴，攬她入懷。"
清風未醉人未歸,吃蘿蔔的蘿蔔。,愛情,完結,0,吾里文化,BG愛情,,,,,https://mojoin.com/novels/3041,"她有多愛顧延安，他就有多恨她。
三年前的那場意外。
他的摯愛毀容傷殘，兩年，顧延安用了整整兩年來讓她生不如死。
她仍然記得成年禮時，他有多冷漠，多無情，
至今，那些曾經用命愛過的人，卻以傷害你來博得喜歡，卻不知你已然心涼，不再回頭……"
情路漫漫，冷暖自知,無晴,愛情,完結,0,吾里文化,BG愛情,,,,,https://mojoin.com/novels/3040,直到後來她才知道，這個男人靠近她，還有不可告人的目的……
情深予你終不悔,百里青青,愛情,完結,240,吾里文化,BG愛情,,,,,https://mojoin.com/novels/3039,"「我不怕死，可我怕我死了，這個世界上再也沒有一個人會像我這麼愛你。」
顏景清看著心臟被扎中的刀子，嘴角溢出苦澀的笑對著顧冉竹開口。

「如果我真的死了，你一定要好好活著，我在天堂看著你好好活著，才能安心。」
顧冉竹滿手是血，她終於如願以償的要解脫了，

可是為什麼，那個口口聲聲恨不得她死的男人卻要承受她給的這一刀。
如果沒有愛，那便是濃烈的恨，
可愛之深恨之切，他們之間，早就已經說不清是愛是恨，是悔是痛……"
庶女清歡：皇后會通靈,郁芳芳,愛情,完結,0,吾里文化,BG愛情,,,,,https://mojoin.com/novels/3038,"沐清歡新婚之夜被夫君和侍妾害死，但她卻被閻王夫人選中成為通靈女活了過來，
她能讓所有鬼祟看到她就退避三舍，亦能收服鬼祟。

大難不死，她要徹底成為一朵黑蓮，一邊復仇鬥渣男渣女，
一邊驅除鬼祟維護人間，在附帶寵幸一下身邊那既忠犬又邪魅的夫君……

「愛妃，你辛苦一天了，我們是不是該就寢了？」某男以一種撩人的姿勢躺在床榻上，試圖勾引她。
「不行，還有一個小鬼未收。」
「那今晚你就把我當成鬼收了吧……」某男可憐兮兮的扯著她的衣角。

她招架不住她夫君的各種勾引和哀求，只好將他撲倒在床榻……"
庶女重謀，夫君上塌可好,柳十三,愛情,完結,194,吾里文化,BG愛情,,,,,https://mojoin.com/novels/3037,"一朝穿越，毒體纏身，
姨娘害我，爹爹惱我，
唯我夫君與我同舟，即便如此為何還有人要爭！
如此我便來一殺一，練弱體修強心，千山萬水不負自己。"
將軍千嬌百媚,燕思,愛情,完結,0,吾里文化,BG愛情,,,,,https://mojoin.com/novels/3036,"外面，顧大將軍功名顯赫，
手段狠辣，讓敵軍聞風喪膽。
在內，他冷淡禁慾，最寡情不過。
白瞎了那張讓京都貴女為之瘋狂的臉。
薛子衿每每聽見坊間傳聞，都會扶著腰淡淡一笑。
禁慾，寡情？
不存在的！"
婚然心動：嬌妻限時購,雲染,愛情,完結,4,吾里文化,BG愛情,,,,,https://mojoin.com/novels/3035,"她，沒心沒肺，神經大條。
他，冷酷無情，步步為營。

「上門推銷來了？」冰山的聲音魅惑無比。
「放屁！」趙廉珞咬牙切齒，奈何抵擋不住來人的武裝來襲。

直到生死一線，她才知道，她早芳心暗許。
直到聽聞她的死訊，他才懂得，她已紮根心底。

「趙廉珞，你是我的。」他撫摸著她臉，不允許再失去她第二次。
「我回來了。」她抬起頭，迎接她的目光，

他，趙家，她的一切，她要拿回來了。"
婚非得已：隱婚老公牆上寵,宋玥,愛情,完結,8,吾里文化,BG愛情,,,,,https://mojoin.com/novels/3034,"稀里糊塗睡了個牛郎，丟下五百塊不夠，
再加點就是了，有必要滿城通緝，尋人啟事滿天飛？

「尋人啟事，女，本人老婆，重度精神分裂，提供線索者，獎勵一百萬。」
她騰的起身，怒氣沖衝的跑到某男的公司：「我現在控告你侵害本人名譽權，肖像權，賠償我名譽損失費，精神損失費，總計一千萬。」
「好啊。」某男唰唰的開了一千萬的支票，續而邪魅一笑：「你的算清了？該輪到我了？」
「你？你有什麼事？」張紫涵突然有種不祥的預感。
果然，某男邪邪一笑，「你睡了我一次，我是不是該睡回去？」"
國民夫人是女將,墨九爺,愛情,完結,0,吾里文化,BG愛情,,,,,https://mojoin.com/novels/3033,"曾經的她，是商國威名赫赫的女將軍；
現在的她，是嚴氏集團總裁的第一夫人；
他是寵她愛她的嚴縱，也是曾經默默守護她的九王爺；
她在那場暗算中摔下懸崖，卻不料來到這個陌生的時代，遇見了那個命中註定的男人；

他與她的前世今生，到底是孽緣的循環，還是佳偶天成……"
商少，夫人貓病又犯了,星小閃,愛情,完結,149,吾里文化,BG愛情,,,,,https://mojoin.com/novels/3032,"傳聞林喵喵又醜又煩人，還對商臨淵用盡各種手段才嫁入商家！
可明明……是商臨淵追在林喵喵身後千方百計把她寵成一隻貓！

助理，「總裁，夫人想要最新款項鍊。」
商臨淵，「買！」
助理，「總裁，有人在娛樂圈散播夫人的謠言！」
商臨淵，「查出來，踢出娛樂圈！」
助理，「總裁，夫人說要跟您……離婚？」
商臨淵臉色一沉，「這是又在怪我沒好好陪她了。」
他立即放下手頭工作，將林喵喵堵在牆角。
林喵喵生無可戀，「商臨淵，你給我滾遠點！」

她明明就是受不了他天天粘著！怎麼就變成沒好好陪她了？"
陛下：皇后要出牆,唐銀,愛情,完結,0,吾里文化,BG愛情,,,,,https://mojoin.com/novels/3031,"萬蓁前半年順風順水，家大業大，最後坐上了皇后的寶座。
沒想到臨了卻在陰溝裡翻船，連說與她一起看山河的男人將她扔進冷宮自生自滅，轉身就抱上自己的庶女妹妹。
再度重生，家大業大不復存在，卻撞見自己洗心革面的『前夫』。

蓁蓁，這是我親手為你做的桂花糕，你快嘗嘗。
「陛下，請自重。」

蓁蓁，你看枝繁葉茂的大樹，早晚咱們也生那麼多孩子。
「陛下，皇后已經去了，奴婢不是皇后。」"
一縷飄散,柔兒,愛情,完結,0,飛燕文創,愛情,,,,,https://mojoin.com/novels/3019,"天朗氣清，即將遲暮的陽光照耀著湖畔，此時落了一場微雨。
青山綠水，柳絮紛飛，他與她比肩站在亭內。

色授魂與的他們，望著彼此明亮的眸，他揚起一抹寵溺的笑，
「等你好久了，阿羽。」
煙霧散去，雨聲停歇，她回以一笑，
「雨停了，我們回家吧。」
而今而後，他們攜手走過這浮生，生生世世，永不分離。
「我想，如果沒有與你相遇，我還有辦法如此幸福嗎？」
在金波閃爍的湖邊，手握著古老權杖的女術師，
等著那人緩緩到來，執起她的手，對她說──

「妳不必擔心，因為，不論如何，我一定會來到妳的身邊。」"
雨之畫作,楊寒,愛情,完結,120,飛燕文創,愛情,,,,,https://mojoin.com/novels/3018,"在一個充滿人情味的鄉村小鎮。
喜歡繪畫的高中生與青梅竹馬在小鎮畫室裡學畫多年。
在一個美得如天使降臨凡間的天才轉學生加入了畫室後，打破了原先他們微妙的關係……

當他們發現三人中曖昧的情愫蔓延開來時，那天使般的女孩卻因為遠在歐洲的父親而必須再度轉學……

「快要下雨了呢！如果有人正在哭泣，你一定要安慰她。那不是她的錯。」"
病弱王爺能寵妻,衾涼,愛情,完結,0,吾里文化,BG愛情,,,,,https://mojoin.com/novels/3016,"前世

夜景辰對我說：「待我歸來之日，就是娶你之時。」
只是沒想到，他對我的承諾，不過是因為我還有利用價值。
我只是他手中的利劍，為他斬除一切荊棘。
就連視我為生命的那個男人也被牽連致死。

今世

夜景辰還是那個高高在上的太子。
只是群臣廢黜，烽煙狼起，物是人非。
唯一相同的，是那個人依然愛著我。
他對我說：「我的心裝滿了你，無論星辰顛覆，無論滄海桑田。」
如若重來，仍負天下不負卿。"
留取春色滿京都,風煙殘霧,愛情,完結,0,吾里文化,BG愛情,,,,,https://mojoin.com/novels/3015,"「我只是不想再頂著别人的臉，像是個小偷，偷著本應是屬於她的寵愛，虛假地在這個地方活一輩子了。」

從我愛上你的那一刻起，我便不想了。
灼華宮里火光曳曳，衛蓁站在火光裡，看著宮院內，那株老桃樹上吐出的花苞和新芽。
桃枝夭夭、灼灼其華，這是宋瑯送給那個人的盛景，不是她的。
包括她在這座深宮裡所受的風光榮寵，也都不是她的。
一張人皮面具，一份無上榮寵，待謊言和臉皮一起撕破，宋瑯，你再見我，對我又能有幾分情呢？"
拿了反派劇本後我無敵了,袍今,愛情,完結,2639,吾里文化,BG愛情,,,,,https://mojoin.com/novels/3003,"別人的快穿，系統宿主和諧相處，共同進步。

秦嬌嬌的快穿：「喊我爸爸，不喊我就炸穿這個世界。」
系統零貳叁：「……爸爸。」

「給我改變劇情，不然我就淹了這個世界。」
系統零貳叁：「……改了。」
……
宿主各種作妖，馬甲被扒了一層又一層，系統零貳叁苦不堪言，發誓要搞死這個狗比宿主恢復自由。
後來——
嬌嬌你真棒，嬌嬌你真強！
專門在位面世界裡吃軟飯的某人：「怎麼又來了一個吃軟飯的」
吃軟飯一時爽，一直吃軟飯一直爽！"
重生醫妃：我家王爺帥爆了,白娉羽,愛情,完結,1,吾里文化,BG愛情,,,,,https://mojoin.com/novels/3002,一朝穿越成為將軍府孤女，受盡委屈卻能憑藉一身本事在皇朝中掀起一番風雨，在血雨腥風中遇見自己的良人，與此人並肩而立，同甘共苦，創造一世繁華。
重生為凰：毒妃寵上天,出山,愛情,完結,11,吾里文化,BG愛情,,,,,https://mojoin.com/novels/3001,"前世，她苦心助他登上皇位，換來的卻是負心漢與她表姐苟且，
弒殺親子，滅她全家，斷她十指的下場。

恨意滔滔，她涅槃重生。
負情之恨，滅門之仇，她一一討回！
刁奴挑釁、庶妹辱罵、繼母蠻橫、渣男糾纏！
血蝶在手，她有怨報怨，有仇報仇，殺牠的酣暢淋漓，揚它個威風八面！
可偏偏遇上那厚臉皮的某王爺，夜夜擅闖她閨房。

「都怪你，對爺使奇門媚術！」
「我沒有！」
「聽說你要鑑定一下爺是不是男人？」
「你滾！」"
蝦米？我的女友是笨蛋！,青鷹,愛情,完結,10,飛燕文創,愛情,,,,,https://mojoin.com/novels/2987,"我的女友很笨，不，別誤會，我不是在罵她，這只是陳述事實。
即便只是參加汽車駕訓班，她卻可以讓教練像是待在十八層地獄痛不欲生。
更可怕的是，最後她真的拿到駕照，而且還要拉我上路！幸好我命夠大，不然這個上路，真的就是上路啦！

至於你說我怎麼會遇到她？唉……這個說來話長，想當年……應該要從她直接用臉嚕壁講起。
咳嗯！總歸一句，就是愛到卡慘死吧！"
七日花,姬沐,愛情,完結,0,獨家原創,懸疑,,,,,https://mojoin.com/novels/2982,"傳聞只要在一周內，食用七種不同的花，
食花者心愛之人就可以長命百歲、永保安康。
白泉為了心愛的人，決定著手嘗試這個傳說。"
重生後大佬叫我小祖宗,妃小絳,愛情,完結,456,吾里文化,BG愛情,,,,,https://mojoin.com/novels/2968,"「你是我的」
「死也不放手」
睜眼，聽到就是這句熟悉的話。
前世她逃之夭夭，這一世，她緊抱大腿。
冷情冷心，偏執暴戾大佬對上順毛小嬌妻。
外人眼中，傅三爺代表着富可敵國，權勢滔天，心思深沉，神！
傅太太眼中，大型高冷藏獒。
稍微順順毛，挺好用。
這個世界，對於傅三爺而言，只有兩種人。
傅太太，和傅太太以外的人。"
穿越獸世：團寵萌醫生崽崽,斯恩,愛情,完結,0,吾里文化,BG愛情,,,,,https://mojoin.com/novels/2967,"現代實習寵物醫生穿越到遠古獸世，本以為會走上爹不疼、娘不愛、手撕白蓮的女強之路，沒曾想過的卻是悠哉享受的養老生活。
暮蘿品一口茶，「哎，這日子過的，就缺點甜甜的戀愛了！」
說曹操，不是，說相公，相公到。
上山採藥，野人相公Get！
面對美強俊男，本以為是漫漫追夫路，沒想到……

「娘子，相愛便是夫妻。」
「娘子，何時與我生崽？」
「娘子，既然你不主動那我就……」男人邪魅一笑，熄滅燭火。"
穿書之暴君攻略指南,林洛書,愛情,完結,10,吾里文化,BG愛情,,,,,https://mojoin.com/novels/2966,"和親公主，一朝被害，嫁給了夜郎國的暴君，
無人不知，無人不曉的廢後，卻一改往日…！
她是21世紀的頂級特工，穿越到了庶出公主身上，睜眼瞬間，又是一個系統在腦中！
尋藥、救人、易容、宮鬥升級打怪，通通不在話下！
至於『寵愛』這個……「王上給點寵唄？」
男子邪魅一笑，「江山都給你了，還不夠？」"
相思未休，蘇太傅請自重,狐青夜,愛情,完結,85,吾里文化,BG愛情,,,,,https://mojoin.com/novels/2958,"「我不過是太后派來的棋子，你為什麼相信我？」
「因為我這個人，聰明......」

一場賜婚，兩人各懷心事。
聰明如蘇太傅，以為沒有自己俘獲不了的芳心。
卻偏偏被拒之門外。
她怕愛上他，只因自己藏著太多的秘密。
有些血債，終要血償。
一世情緣，是否能花開見喜？"
為你漫山遍野,言多bi池。,愛情,完結,0,吾里文化,BG愛情,,,,,https://mojoin.com/novels/2957,"在最落魄的時候撞見你，意外又注定。
那夜風和雨都很大，被你撿回家。

你說：「小東西，我可不是什麼好人。」

多年後再次相遇，又是一個雨夜，雷鳴閃電，你是被拔掉羽翼的鷹。
為你傾盡所有，等你再度羽翼豐滿，卻聽到一句「別再見。」
嗯，你提上褲子收收羽翼，讓我忘了你。
事與願違，偏偏再逢……
你說你只稀罕紅玫瑰和白玫瑰。
而我偏偏是一朵山茶。"
毒寵天下：狂妃美又炸,綰公子,愛情,完結,10,吾里文化,BG愛情,,,,,https://mojoin.com/novels/2956,"一朝穿越，末世女王素兮竟成了雲府的小慫慫嫡女。
頂著一張太極臉，她左手異能，右手劇毒，虐虐渣，遛遛極品，再順道調戲個美男。
一不小心就活成了王炸！

某日，素兮實在沒忍住，衝身後男人大吼：「拜託，能不能不要跟著我了？」
豈料，某人伸手揉揉她的發頂，「不行，萬一有狼群出沒，小兮兒豈不危險？」

素兮撇撇嘴，「你確定自己不是最大那頭？」……"
毒妃嫁到：這個王爺我要了,青果果,愛情,完結,0,吾里文化,BG愛情,,,,,https://mojoin.com/novels/2955,"楚卿上輩子貴為宰相嫡女，卻在萬鼠噬心中淒然而去。
她錯信奸人，害得家破人亡，親人橫死。
蒼天有眼，讓她重活一世，哪怕只是青樓花女，她也要用盡一切報仇雪恨！
可死後才知，原以為與自己毫無交集的清冷王爺，卻夜夜在亂葬崗之上為她點燃燭火。
蕭靖然覺得有些奇怪，只是隨手救了個花女，卻給自己招來個小祖宗。
面對美人兒時不時的示好，當朝最絕代風華的九王爺皺了皺矜貴的眉，自然是……"
毒后為凰,蠻不講理,愛情,完結,0,吾里文化,BG愛情,,,,,https://mojoin.com/novels/2906,"蕭姝漫是大魏國廢後，受盡冤屈，慘死荒野。
人人都道她不知廉恥，心狠手辣，德不配位。
然而當她重生歸來時，已是讓人聞風喪膽的楊漫，得丹宗傳承，毒醫無雙。
不知廉恥？本宮長得美惹來渣男，是本宮的錯嗎？
心狠手辣？傷過本宮的，害過本宮的，本宮就讓你們看看什麼是真正的心狠手辣！
德不配位？本宮志在長生大道，皇位於本宮都如浮雲！
至於那些總是在本宮面前蹦躂的跳梁小丑……
想做本宮的對手，你們配嗎？

某王：「他們不配，只有本王和你配一臉！」"
毒女重生：太子爺的心尖寵,伍六無七,愛情,完結,1,吾里文化,BG愛情,,,,,https://mojoin.com/novels/2905,"前世真心錯付，心心念念的人將自己利用殆盡，竟一杯毒酒賜死了自己，今生得以重來，她定要斬盡一切妖魔鬼怪，誰敢攔她，她就讓他付出代價！
為了不讓前世的事情再來一次，她跑進了一個男人的馬車裡。
他冷心冷情，面若謫仙，專注的看著自己。
「你還要在我懷裡待多久？」謫仙很兇。
「誰稀罕，我這就走。」她不想再跟人有任何糾纏。
可是，為什麼他會拉住自己，「其實，你想待多久都可以？」
「喂喂餵，說話就說話，動手動腳就過分了！」
「愛妃說的是，那便讓愛妃自己來吧」
原來，兩顆心，早已不知何時，湊到了一起。"
昨夜暮已成舟,華樂清雅,愛情,完結,0,吾里文化,BG愛情,,,,,https://mojoin.com/novels/2892,"剛從省城回來的弟弟來看我，打趣道，「喲，姐，我姐夫呢，不會是出去沾花惹草了吧?」
「不會，他天天做飯呢。」
我磕著瓜子，一臉淡定。
沒想到這妖孽出來了。
「你的腰還酸嗎?要不要我給你揉揉?」
晚上，司徒暮與我耳鬢廝磨。
「綠豆糕，要嗎?」他問。
我想著剛剛吃飽，「不要。」
過了一會兒，「棒棒糖，要嗎?」他又問。
我一臉詫異，然後體諒了他道，「要」。
然後就是一番深入淺出。
次日，我躺在床上，揉了一下我的老腰，眼神幽怨。
去特麼的棒棒糖！
收起"
幽洲願：此生唯求你,陌上無花,愛情,完結,0,吾里文化,BG愛情,,,,,https://mojoin.com/novels/2891,"趙十六第一次見忘生時，他被水鬼纏住，她救了他。
他講究知恩圖報，從此黏上了她，要隨她捉妖降魔。
忘生第一次見到趙十六時，隨手殺了只水鬼，卻意外被他給纏上。
她嫌麻煩，想方設法甩開這塊牛皮糖。
某日，忘生不見了，趙十六爬上高樓，「諸位，本王的媳婦不見了。」
然而再次相遇，他卻性情大變。

「幽洲判大人，五百年不見，你還是一點沒變，只是對搶了本尊身體的賊人上了心，委實有趣。」

他獰笑著， 將她逼至角落。
冷漠狠厲過後，她哭著將昔日種種，連著他一同封印於崑崙。
往後餘生，她便守著崑崙，還這欠下的五百年，等他再度醒過來，喊她一句，
「阿笙。」"
帝尊嬌寵小魔妃,甘卿玥,愛情,完結,1,吾里文化,BG愛情,,,,,https://mojoin.com/novels/2876,"請問被神秘大佬碰瓷了怎麼辦！ ？ ？
重生後的顏冷玉吸取前世教訓，誓要養死白眼狼，養廢白蓮花，一心修煉，馭獸天下！
誰料開掛的路上，她被人碰瓷了……
此人甩都甩不掉，人畜無害的眼神看得顏冷玉心憐腳軟。
直嘆美色誤人，心想就當養隻小奶狗等恢復記憶就送走。
結果養著養著小奶狗搖身變成高冷帝尊，將她直逼懷裡，眼神威脅：「負責！！」

「帝尊，這是誤會，在下先走一步！」
「顏顏，撩完想跑？沒門！」"
帝少心尖寵：花樣嬌妻太刁蠻,花陽,愛情,完結,0,吾里文化,BG愛情,,,,,https://mojoin.com/novels/2875,"從小父母雙亡的她，沒學會人情冷暖，肚子裡滿是壞水。
相依為命的哥哥是個溫柔的人，但再好的哥哥終有分開的時候，本以為從此天高任獨遊，誰知道，居然又跳進了一個叫做『房奇冬』的狼窩。
且看愛情故事，如何演繹...
你，是我的唯一嗎？"
封少的專寵小綠梅,葉怪怪,愛情,完結,15,吾里文化,BG愛情,,,,,https://mojoin.com/novels/2801,"【腹黑＋寵妻＋天才】
為了抵抗家族的逼婚，喬窈盯上了俊雅如玉的封譽修。
一不做二不休，成米煮成熟飯不怕他想賴帳！
可是結果怎麼不太一樣？
這傢伙，明明是比她「哥哥」還要變態的魔鬼！
喬窈心裡其實愛著另一個人，可現在說什麼都晚了。
她後悔了，轉身想逃，可某人卻把她抵在牆角……
「想賴賬？已經晚了，你這輩子都烙上了封某人的記號。」"
南少，你老婆又跑了,風輕早,愛情,完結,1,吾里文化,BG愛情,,,,,https://mojoin.com/novels/2800,"「南少，我懷了你的孩子。」

OMD，居然撞上如此隱秘的一幕。
男子神情一冷，「我不建議你生下來。」
渣男就渣男，不要孩子還講的如此委婉。
她看不下去要離開，卻意外被他的女朋友當成情敵，當眾一耳光。
閃光燈下，新聞頭條，她和他出入酒店，成雙成對。
她拋棄未婚夫，他拋棄懷孕女友……
外界給的誤會重重，二人誤打誤撞一一解開後發現他沒有女朋友，懷的也不是他孩子，一切只是誤會……
一切是他精心布下的局，而她是心甘情願，誤打誤撞跳入他的坑。"
侯門庶女太妖嬈,菊花清茶,愛情,完結,0,吾里文化,BG愛情,,,,,https://mojoin.com/novels/2799,"一道天雷，讓她成了時下流行的穿越女。然而，萬幸中的不幸，她穿越成了一個極不受寵的妾室生下的一個極不受寵的庶出小姐。但這又如何？庶出女的人生依舊多姿多彩：
未婚懷了孕，連孩子她爹是誰都不知道？沒關係，一夜風流嘛，自己做的事，後果自己要承擔。
新婚之夜，丈夫不堪受辱，憤然離去？可以理解，傻子才願意做便宜老爸。
只是，大哥，你似乎忘了和我離婚？
女兒生日，天上掉下來一美男？好啊好啊，女兒正愁沒個爹，你來客串一下好了。
只是，男人們啊，小女只是一個小小的庶出，不是什麼香餑餑，我只想和我家小娃娃相伴到老，你們別一起撲上來啃好不好……"
幸好流年遇到你,檀檀欒,愛情,完結,6,吾里文化,BG愛情,,,,,https://mojoin.com/novels/2798,"顧清裳，有姿色，有能力，還有一個帥氣的小兒子，外號花瓶中的戰鬥機。
在外人眼中，封易對自己的女兒愛搭不理。
可是在顧清裳的眼中，他卻對她的兒子迷之疼愛，卻也被百般嫌棄。
突來的一場意外，讓顧清裳本來完美的人生被人棒頭一錘，她從陽城人人羨慕的女人轉瞬成了人人喊打的小三！
而他，攜嬌妻女兒，出雙入對，人人羨慕。
而當所有的一切塵埃落定，讓顧清裳以為只剩下濃濃的幸福時——
一場爆炸，一場以性命為賭的陰謀，她屍骨無存。
留給他的，只有一個嚎啕大哭的孩子……"
妾心盛寵：王爺不如謀個反,魚本鹹,愛情,完結,2,吾里文化,BG愛情,,,,,https://mojoin.com/novels/2751,"盛綰梔上輩子將那些噁心的嘴臉一個個算計進了閻王殿，然後一把火燒了半邊天，順便了結了自己。
只是再次睜眼，卻發現一切都變了。

盛綰梔以為自己能安心當條鹹魚，奈何蒼天不允。

老父親要她盯著點兒，夫君要她幫著點兒，王妃勸她善良點兒，太子要她聰明點兒。
鹹魚，可真不是她能當的。

生活不易，全靠飚戲。
不能飚戲，還是得算計。"
我親愛的傅先生,顧小染,愛情,完結,5,吾里文化,BG愛情,,,,,https://mojoin.com/novels/2750,"佟年為了嫁給傅景墨付出了一切，執著了四年後才發現，她除了腦癌已經一無所謂。
她想明白了要跟傅景墨離婚，男人就是不允。
知道了一切真相的傅景墨，「佟年我只愛你。」
佟年，「傅總，你只是替身。」"
我家夫人種田拯救我,拾七柒,愛情,完結,0,吾里文化,BG愛情,,,,,https://mojoin.com/novels/2708,"一場爆炸引起的事故，功德石讓竹笙穿越了，但她還被告知自己的肉體回到了命懸一線的八歲。
無奈只好寄在養父家，一邊報答養父的恩情，一邊償還功功德石與功德塔里那位惡人的救命之情。

自此她上鬥極品親戚，下就種田養家，順便再來個拯救蒼生賺好功德。
誰知，自己做的事情都是在給自己未來夫君抵消「債務」！

「欸，欸，夫人，說好的功德呢？說好的把我從功德塔放出來呢？」

「你自己造的孽，還要我來還？勞資不幹了！」說罷，竹笙便帶著弟弟和父親過上好生活去了。

完了，夫人生氣了，怎麼樣才能哄哄夫人救救我。
在線等，挺急的……"
快遞寶寶：總裁大人請簽收,萌寶寶,愛情,完結,5,吾里文化,BG愛情,,,,,https://mojoin.com/novels/2707,"墨逸塵，看著不遠處那個消失多年的女人，身邊有兩個他小時候的翻版，怒氣沖衝的問道：「女人，你是不是該給我一個合理的解釋？」
「長腿歐巴，你介意半路多個寶貝嗎？娶一送二，大寶小寶可以一塊打包的哦！你很划算喲！」顧貝貝勾著墨大總裁的長腿，眨巴著眼睛問道。
「容我想想……」
「別想了！過了這村，就沒了這店！咱們媽咪，可是很搶手的！」顧寶寶插一句。

「寶寶，我娶你們媽咪！現在就可以！」某對顧溪溪虎視眈眈已久的某男，衝出來自我推薦！
「哪來的蒼蠅！自不量力和爺搶女人？」墨逸塵臉一沉，寒氣瀰漫，「爺撕了你！」

「你真是霸道耶！不娶咱們媽咪，還不允許別人娶了？」兩寶搖頭，扶額說道。"
快穿系統：上劇情吧！,瘋狂的蘋果,愛情,完結,0,吾里文化,BG愛情,,,,,https://mojoin.com/novels/2638,"葉醒心心願一，終日沈溺於網文圈！
葉醒心期待二，日夜與編輯白夜廝混！
葉醒心願望三，網文圈她老大，買房買車養竹馬！
當葉醒心發現自己快穿了之後，劇情跌宕起伏的將她帶入角色，她才發現成神之路慢慢其修遠。
還好大神系統是她的竹馬編輯，那麼大神系統，上劇情吧！"
快穿之宿主又在撩男配,風十柒,愛情,完結,0,吾里文化,BG愛情,,,,,https://mojoin.com/novels/2637,"一朝重生，頻繁穿越。
為了往後的生活能過得平順滋潤些，程程時常被土里土氣的番薯號系統帶往不同世界完成女主的遺願。
神奇的是，這些世界的男主都渣得如出一轍，男配都帥得秀色可餐。
穿越的日子太無聊，面對如此美男她實在忍不住啊忍不住。
直到某日她發現男配的來歷透著詭異，連繫統都甩不掉。
程程內心種了一片草餵了千萬匹馬。
「這位大爺，你為何總跟著我？」
某男配冷漠臉：「等你來撩。」"
君見桃花色,緋瑟兒,愛情,完結,0,吾里文化,BG愛情,,,,,https://mojoin.com/novels/2636,"她是一隻修煉千年的桃花小仙，因為不小心搞亂了月老兒的姻緣線，被罰下凡糾正姻緣。
也許是她點兒不正，也許是他太倒霉。
竟然就這樣鑄造了一個桃花小仙和鬼仙白無常的愛情故事。
桃九抓狂：「靠，為什麼又是你！？」
白無常也抓狂：「還能不能好好的厲劫了！你竟然又來破壞我的姻緣！？」
他三世厲劫，偏偏三世的本命姻緣全被她搞亂！
罷了，小九兒，既然都被你玩兒壞了，那就讓你賠給我一個三生三世吧。
桃九眼冒桃花：好，我願意......
————
這是一對歡喜冤家的愛情故事。
也是一個奇葩小仙不斷拆人姻緣，亂牽紅線，越搞越忙越搞越亂的血淚史。
（本文屬性輕鬆惡搞，偶爾小虐怡情，結局大歡喜HE）"
妖孽夫君好難纏,妖家四少,愛情,完結,6,吾里文化,BG愛情,,,,,https://mojoin.com/novels/2635,"「師傅，修仙為了什麼？」
恐怕師傅你都已經忘了當初為何要修仙吧
「那師傅你可知道我為什麼要修仙？」
你知道對不對，你一直都知道。
一段被錯改的記憶，當她與他在紅塵中再次相遇，那糾葛千年的愛戀能否再續前緣。
楊慎穩穩地靠坐在美人榻上，「我擔心你害怕。」
「我不害怕。」
「我擔心山里的野獸誤闖進來驚嚇到你可就不好了。」楊慎說著，慢慢挪向月玲瓏。
「野獸近不了我的身。」看著楊慎慢慢挪過來，月玲瓏淡淡的說道。
「那要是驚嚇到我可怎麼辦？」寶寶求保護。"
不正常的戀愛關係(04)我想談一場正常的戀愛啊！(END),逢時,愛情,完結,10,飛燕文創,歡樂,校園,輕奇幻,,,https://mojoin.com/novels/2463,"一場正常的戀愛──對秋本光來說，是這輩子最大的奢望！
本來以為是已分手的前女友，為什麼轉眼之間，就變成了一隻狗？
還是擁有獸耳跟尾巴，還有胸部屁股的類犬女友啊？
兩個人被敵人追著四處跑，只能四處露宿荒郊野外，
進行野外play，這樣的生活太刺激，秋本光表示承受不住了……

「早安！今天有睡飽嗎？」
少女的臉洋溢著喜悅，精神滿分、很有活力。
屁股後的尾巴高高揚起，不斷搖晃，啪啪啪的左右拍打。
身上只穿了一件純白色的長背心，內褲什麼的大概已經被她脫掉了……
秋本光深深的、深深的閉上了眼睛。"
不正常的戀愛關係(03)壞掉的是自己還是世界？,逢時,愛情,完結,0,飛燕文創,歡樂,校園,輕奇幻,,,https://mojoin.com/novels/2462,"──壞掉的是自己還是世界？

不斷遭受失戀打擊的秋本光，終於放棄一切，
把身體完全交給躲藏在內心的少年。
但傻呼呼的佐緒里第一次面對自己的心意，
卻不知道心上人已經悄悄換人……

神明與少年的契約，即將毀於一旦！

「不。」秋本岸打斷了她的話。「我不想跟妳當朋友。一點都不想。」
「……啊？」佐緒里露出快要哭泣的表情。
「我不能做妳的朋友。我想做妳的男朋友。」"
你是我的星辰萬里,早藻,愛情,完結,0,吾里文化,BG愛情,,,,,https://mojoin.com/novels/2548,"被渣男賤女害死後，陳曼曼重生到了周星遙身上。
原本以為自己已經夠可憐了，卻沒想到周星遙更慘。
爹不疼娘不愛，妹妹還要欺負她，甚至連她的室友都與她為敵。
重生一次，她很忙。
既要手撕渣男賤女，又要與人鬥智斗勇，還要在事業上走向人生巔峰。
「親愛的，抽空談個戀愛唄！」薄少巴巴地看著忙成陀螺的她。
「不談！」她拒絕。
「親愛的，來坐過來聊聊天！」薄少不死心地說。
「沒空！」她仍舊拒絕。
「你確定？」
「我確……唔……」
這個臭男人！真煩人！
重來一世，好像談段戀愛也不錯？"
你是意料之外,林暮暮,愛情,完結,0,吾里文化,BG愛情,,,,,https://mojoin.com/novels/2547,"安文從沒有想過，她曾經夢想中的生活突然破滅，老公背叛，孩子父親未知，淨身出戶……
所有不敢想的事情全部發生，在絕望和痛苦的邊緣間，席堯的出現，讓她的世界裡有了一絲的亮光。
幫她嚴懲欺負她的人，站在眾人所仰望的高處，給她一切……
安文以為，席堯便是她一生的歸宿
直到那個自稱是席堯妻子的人出現，安文才覺得荒謬至極。
原來到最後，她才是那個被戲弄的人。
……
當她將心事藏於心底要嫁作他人之時，席堯再一次的出現打亂了她的生活。
「安文，你這輩子只能是我的女人！」
「席先生，你已婚我已婚，我沒有要養情夫的打算！」
席堯將離婚證摔在她面前，「別忘了，你還欠我一個承諾，嫁給我。」"
不正常的戀愛關係(02)第一次三人行就達陣,逢時,愛情,完結,60,飛燕文創,歡樂,校園,輕奇幻,,,https://mojoin.com/novels/2461,"雙女友劇情，一個暴力一個羞怯，
一次初體驗，兩種感受！

女友隨便抓就有，但是通通以失戀做結。
這種劇情，秋本光表示再也不願意繼續下去！
但……人為刀俎，我為魚肉，作為神明的使（奴）者（隸）
今天也要精神百倍的捕捉女友喔！
只是這一次怎麼一竿雙魚，雙胞胎什麼的真的好……刺激啊！

千禾：「死變態，我絕對不會讓你對姊姊做什麼！除、除非，我也一起！」
千律：「其實如果是妹妹喜歡的人，我也可以喔！」
秋本光：「……有人要問我的意見嗎？」"
不正常的戀愛關係(01)第一次調教奴隸就上手,逢時,愛情,完結,625,飛燕文創,歡樂,校園,輕奇幻,只好一起睡了,美少女神明侵占我的床,https://mojoin.com/novels/2460,"飯可以亂吃，願望不可以亂許。
這是平凡轉學生秋本光想對大家說的血淚教訓。
只是參拜了不知名神社，就莫名成了神明的使（奴）者（隸）。
而且神明給的任務，竟是要他與各種奇怪的惡念談戀愛？！
面對乳量驚人的惡念姐姐，秋本光覺得自己的貞操即將不保！
……現在買貞操帶還來得及嗎？"
吃貨相公財神妻,橙瓜攸攸,愛情,完結,2,吾里文化,BG愛情,,,,,https://mojoin.com/novels/2533,"【穿越】【美食】【種田】【經商】【高甜】

秀才遇上女霸總，有理說不清！
陸玥萬萬沒想到自己這一堂堂上市公司CEO，居然有朝一日會穿越，並且還淪落到靠生兒子來爭家產的地步？
不行，絕對不行。
不給她家產！她就自己掙！什麼？她爹給她抓了個解元相公？這滿嘴之乎者也的還是休了罷了！誒，等等，好像可以做個名人效應！

「柳三思牌解元雞，不是狀元就探花！」
但是怎麼越看越覺得這小相公長的還挺帥，不如改造改造……

本來被榜下捉婿就夠悲慘了，柳三思沒想到自己在新婚之夜居然還被娘子踢出了閨房，一時間成為了整個學子圈的笑話……
還沒來得及重振夫綱，就發現用自己名義命名的解元雞居然賣的火爆？

「你拿我攬生意，簡直有辱斯文。」"
江山為聘：重生貴妃不好當,鳳梨蛋炒飯,愛情,完結,0,吾里文化,BG愛情,,,,,https://mojoin.com/novels/2532,"上一世，宋清淺作為名門閨秀，權臣嫡女，風風光光活了二十載，是皇帝身邊最『寵信』的貴妃。
她以為自己注定了一生順遂，千金萬貴。
直到大火燒紅了建安的半邊天，宋氏一族盡數落獄，她才知道，她爹是謀逆之人。
一朝雲端墜落被囚，唯恐受盡屈辱的宋清淺選擇了自盡。
再次睜眼，竟重生回入宮前夕。
她知道眼前這個疼愛自己的爹，終有一天會拿起屠刀，慘敗於皇城之下。
她也知道和氣笑著的帝王，早已洞察了宋氏的逆謀造反之心。
所以她必須趕在悲劇發生之前，拯救自己和家族的小命。
————
盛瑾瑜不明白，自己作天作地的貴妃為什麼突然狗腿了起來。
宋清淺：怎麼抱皇帝大腿顯得本宮下跪的姿勢比較有尊嚴些？宮裡等，十萬火急！"
總裁，請不務正業！,風城喵喵,愛情,完結,599,華星娛樂,懸疑,穿越,甜文,現代,,https://mojoin.com/novels/2307,"一場車禍，讓余雙的好友陷入了昏迷，
而余雙萬萬沒有想到，讀了好友未完成的小說後，
她就這麼穿進了故事裡，變成霸道總裁陸云初的未婚妻！
只是她這個未婚妻有名無實，設定上他們是假裝成戀人，
因為陸云初早就心有所屬，可對方卻是他兄弟的女友──這什麼貴圈真亂的節奏！？

本來余雙覺得也罷了，對她這個實際上只有十八歲的少女而言，
陸云初就只是個保養比較好的帥叔叔，他倆不會有什麼未來。
雖然外冷內熱、細心體貼的他正好是她的菜，
雖然她發現自己面對陸云初時，好像越來越無法控制心跳……"
尋找幸福要在穿越後,覓福,愛情,完結,151,原創星球,奇幻,戰鬥,成長,戀愛,穿越,https://mojoin.com/novels/310,"這是一個沒有魔王與勇者，沒有龍傲天，沒有魔法學園，沒有要拯救世界，沒有要成為世界最強。只有一群青春少年少女們，在異世界尋找幸福的故事——
喜歡粉紅色，人際關係熟練度0的少年——邱爾穿越到異世界「萬象」隨即陷入瀕死，死前發現失蹤阿嬤的線索。
為了找到失蹤的阿嬤，完成與阿嬤的約定——與人組成溫暖的家。
邱爾答應魔鬼夫妻「救出女兒」的條件，免於一死的他闖入凶險監獄，邂逅了外表端莊，喜歡藍色，性情粗魯野蠻的少女——夏蘭．特利悉那。
不料相遇的兩人，在他人作弄下，一腳踏入彼此黑暗的過去。
「我要粉紅色……我不要寫考卷……」
「承諾嗎……那明明……那明明是最不值得相信的東西。」
成績至上、性別刻板印象、處女情節、凌虐他人為樂的幸福，種種枷鎖把兩人纏得喘不過氣。
「不管發生什麼事，我都要找到阿嬤，與人組成溫暖的家！」
在這個殘酷又溫柔的世界，邱爾能找到阿嬤，與人組成溫暖的家嗎？他和夏蘭真的能幸福嗎？"
仵作小娘子,墨十二,愛情,完結,0,吾里文化,BG愛情,,,,,https://mojoin.com/novels/2499,"「一拜天……」
「拜什麼拜？她是本王的！」
傲嬌王爺來搶親，某位始作俑者卻後知後覺。

「王爺是來觀禮的？隨了份子錢沒？」
「本王把自己隨給你！」
「這禮太重，民女收不起。」
某王爺笑了一聲，「把你賠給本王就夠了！」"
本王的專寵愛妃,彥蕭蕭,愛情,完結,0,吾里文化,BG愛情,,,,,https://mojoin.com/novels/2498,"前前世，神武大陸神秘門派少主；
前世，21世紀殺手；
這一世，我主沉浮。

她不想舉世無雙，只想肆無忌憚的活著。"
看見新世界,楊寒,愛情,完結,0,飛燕文創,愛情,,,,,https://mojoin.com/novels/2453,"經歷過白色恐怖歷史的家族秘辛
曾在日本天皇、獨裁者希特勒、大文學家川端康成和哲學家海德格面表演魔術的魔術師……
和我的愛情
都在那次流星般的金幣雨後成了過往──

直到大學的某一天，她來找我，帶來驚人的真相！
在眾多好友的幫忙下，我實現家族傳奇魔術師遺留的絕秘魔法，看見嶄新的世界……"
獵食者,梧玖,愛情,完結,0,原創星球,H E,年下,懸疑,奇幻,戀愛,https://mojoin.com/novels/422,"他們擁有人類的外貌，與人類共同生活著；
他們多半外表美麗，智商過人，然而，與人類最大的不同是，他們只能依靠獵食特定的「食物」維生。"
末世之訓夫有道,美人不美,愛情,完結,0,吾里文化,BG愛情,,,,,https://mojoin.com/novels/2359,"前世，一場詭異大雨，一場無端流感，導致末世來臨。
顧優沉浮於末世之中，最後卻落得慘死在實驗室內。
機遇偶然，讓她重生回到末世前，而且老天爺還給她開了金手指。
一朝翻身，由一個頭腦簡單四支也不發達的普通女大學生徹底長成末世一顆耀眼的新星。
顧優發誓，這一世她定不要做那個被人踩在腳底下的螻蟻！
……
身在人心險惡的末世之中，顧優沒想到自己居然會落在了某個男人手中。
既然已經落入了某人手中，那不如就順從。
「身嬌體軟，易推倒！」
某女厚顏無恥加上異常銷魂的躺在床鋪上勾引著某男。
男人毫不客氣『磨拳霍霍』"
王爺的醋罈子又翻了,白嫵,愛情,完結,0,吾里文化,BG愛情,,,,,https://mojoin.com/novels/2358,"一朝穿越，她成了出身顯赫的相府嫡女，結果被人追殺不說，還捲入到了一個驚天密案之中，幸好有位白玉美人幾番仗義相救，可是無名無姓，無法報恩，期間還要被腹黑王爺窮追不捨！

「這破玩意兒能當定情信物？」
「那這個如何？」
腹黑王爺將她攔腰抱起，薄唇傾覆。

「你……」
「本王親自己心愛的女人，不行嗎？」
行行行！楚公子說什麼都對！既然無法逃脫，那就隨心而行，踏十丈軟紅，許一人以終老，知交美酒，踏馬高歌，何處不是逍遙人間！"
愛的多重宇宙,多人合集,愛情,完結,704,獨家原創,特別企劃,BL,GL,愛的各種樣貌,,https://mojoin.com/novels/2352,"在這彩虹旗幟飄揚的月份，文學星邀請到四位作家，用溫柔的文字詮釋愛的多重樣貌──

BL〈我在便利商店撿到一隻男神〉吐維
在便利商店上大夜班時，我在門口撿到了一隻神，是個男的。
他不僅全身光溜溜，還一副很餓的樣子蹲著發抖，就像隻可憐的大型動物（身材很好的那種）。
我只好把男神帶進店裡，用擦咖啡機的毛巾把他擦乾，拿被壓扁的麵包餵食他。
吃飽喝足後，男神說，他可以實現我一個願望。
「那你可以幫我洗咖啡機嗎？」
「嗄？」
更正前言，我撿到了一隻會洗咖啡機的男神，開心。
「所以你真正的願望到底是什麼？有很多錢？還是交女朋友？」
男神一邊洗咖啡機一邊追問，我沉默了下。
「即使是神，也沒辦法讓死去的人活過來，對吧？」



BL〈沒有忘記你〉悍兔
警察林明義下崗回到自己剛買一年多的房子時，發現有個陌生男子試圖翻牆進去，還義正辭嚴地說：這是他家、他忘了帶鑰匙。
這名言行古怪的男子一下說要去見早就歸西的鄰居阿嬤，一下忘了自己早就不住這邊，卻又記得屋子的鑰匙藏在花園盆栽下、記得附近小店的陽春麵沒這麼多肉片、記得那個匆忙來接自己的男人怕狗。

他的世界一片渾沌，無法組織的記憶時而陌生時而清晰，卻唯獨惦記著一件事──他得回家。
這份深烙於心的渴望一次次帶著他逃跑，讓他一次次回到愛的人身邊……



GL〈小紫〉路奎
五年前，姊姊和小紫在海邊的旅館殉情，但是只有姊姊死了。
我的心從此彷彿空了一塊，只能試著用忙碌於生活，來假裝姊姊從未存在過，
可是有一天，小紫出現了。
小紫說，姊姊和她曾經想要一起環島旅行，並邀請我和她一同完成這個約定。

我不知道自己為什麼答應她，也許是因為一切都還不太真實，也許是因為小紫給我一種熟悉的感覺，
也許是因為──只是因為，我很想念姊姊……



GL〈私奔到月球〉刃心
我的好朋友萱寧要結婚了。在婚紗店工作的我，從沒想過有天會為自己最喜歡的人穿上婚紗。
我知道她深愛著那個人，所以我希望她能夠幸福，即使那個人總是無法陪在她身邊，即使她總是為了那個人心傷。

而當萱寧試完婚紗，我們一起踏出店外時，一顆流星突然劃過天幕，接著，一台機車從旁邊的小巷衝了出來。

在把萱寧拉開，卻發現自己閃避不及的那一刻，我許下了願望──
我願意用我的心碎，換她的一生幸福。"
天價婚寵：易少情深不悔,言多bi池。,愛情,完結,0,吾里文化,BG愛情,,,,,https://mojoin.com/novels/2322,"左小活了這麼久，好不容易看上個男人，竟然被「小三」了！
呵！渣男慢走，老娘不送！
年下小奶狗不香嗎？老娘一揮手一大把！
何必在你這個「老渣男」身上浪費青春！
但是這老男人卻不依不饒了……
「易先生，您太老了，我們不合適！」
「老點經驗多！」
「易先生，您已經有老婆了，我可不做小三！」
「你吃自己的醋？」
「易先生，我們分居吧！」
「好滴，今晚我睡你屋！」
「！！！」
開葷老男人*彆扭小嬌妻的婚後甜蜜日常~"
公主傾城，鬼王要報恩,輕陌,愛情,完結,7,吾里文化,BG愛情,,,,,https://mojoin.com/novels/2321,"穿越成一位落難公主已經夠悲催了，偏偏禍不單行，還被一隻小鬼糾纏不清。
每天提心吊膽的擔心被追殺的同時，還要時時提防小鬼趁機揩油吃豆腐上下其鬼手的騷擾。
「我可以幫你報仇，重新奪得天下！」小鬼豪言壯語。
哈啊？報仇是什麼鬼，她只是一個倒霉的穿越鬼靈魂，只想趕緊找到回家的方法。
「至於幫你報仇的的報酬麼，以身相許如何！」小鬼臉皮比城牆還厚。
噗~
嫁給一隻鬼，還不如再死一死。
不過，升級打怪中，怎麼發現這小鬼越來越帥，勾得她的小心肝時不時的……"
嚴冬不肅殺,狸沐柔,愛情,完結,2,原創星球,長篇,虐心,古風,,,https://mojoin.com/novels/743,"嚴冬不肅殺，何以見陽春？

五年前，權臣蕭家篡奪皇位，玄北易主，遂改李朝為蕭氏，國號冥玄。
新皇即位之後立即斷了原李朝的左榜右臂，離氏和王氏家族接連慘死在蕭家之手。
五年後，一位頭牌舞姬凌雪橫空出世，玄北貴人們一時之間沉浸於紙醉金迷中。
一位麗人，一場復仇，她立誓要為火中鳳，不再任人宰割。

女孩攜著仇恨而來，一腳踏入了鬥爭之中，然而這背後的勢力盤根錯節，遠遠比她想的陰險艱難，命運的齒輪開始轉動，一場陰謀悄然揭開……
國家有四：玄北、南薰、柳東、金西

|神仙書封| 感謝芯虹"
灼心摯愛：總裁，別來無恙,橘子可妃,愛情,完結,39,吾里文化,BG愛情,,,,,https://mojoin.com/novels/32,"遇到安子濯是她一生最大的劫難，他千方百計的要她愛上他，只為得到她的心。
她千躲萬藏，甚至差點丟掉性命，卻依舊逃不過愛上他的宿命。
然而，被奪走了心臟，沒有心的她，什麼都不是。
心灰意冷，破繭成蝶，不再愛亦無恨，她當他是個陌生人，他卻逼她在牆角，吻她耳根，沉聲說他愛她……"
霍先生，還親嗎？,贈你明珠,愛情,完結,2370,吾里文化,BG愛情,,,,,https://mojoin.com/novels/362,"年紀輕輕為他生下孩子，三年後再見，她卻不知道，被譽為百年難見的天才神童——
是她生的，而神童的親生父親竟然是位超級大佬，將來也會和她睡在一張床上！

傳聞大佬不近人情不近女色話少面癱，可偏偏向晚第一次撞上他就栽了跟頭！

第一次被大佬堵門，「霍先生，男女授受不親……請你自重……唔……」
第二次被大佬壁咚，「霍先生，我不是個隨便的女人，請你……唔……」
第三次被大佬碰瓷，「霍先生……」

「嗯？」霍先生那張萬年禁慾系的英俊臉龐貼近向晚，眼瞳微瞇。

向晚很不爭氣的慫了：「霍先生……你究竟想……唔……？」"
重回八零：獵戶寵妻甜如蜜,宋桃花,愛情,完結,0,吾里文化,BG愛情,,,,,https://mojoin.com/novels/286,"宋桃花穿到了八十年代最破落的小山村。
原主為了給娘下葬，將自己賣給了獵戶。

宋桃花本來想賺夠了錢，還給獵戶就離婚，可沒想到獵戶竟然是隱藏大佬，龍傲天小說中一巴掌拍死人那種武力值，嚇得宋桃花這顆鮮嫩欲滴的小白菜，恨不得將大佬當祖宗供著。
可天天好吃好喝的供著，大佬賴在她床上不走了。

俗話說，伴君如伴虎，宋桃花也怕這大佬一言不合拍她一巴掌，那就一命嗚呼了。
宋桃花打算捲鋪蓋走人，逃之夭夭，大佬卻十分強勢地擁她入懷。

「小媳婦，你到哪裡去？」

宋桃花閉上眼，小爪子不情不願地在大佬的腹肌上抓了一把：
承認吧，你就是饞他的身子！"
飄洋過海來愛你,瀟冉,愛情,完結,6,吾里文化,BG愛情,,,,,https://mojoin.com/novels/912,"顏寧追徐長風時，轟轟烈裂，沸沸揚揚。
第一次見面，顏寧就悄悄對徐長風說，「總有一天，你的人跟心都是我的。」
顏寧是這麼說的也是這麼做的。
都說女追男隔層紗，但顏寧覺得她與徐長風之間隔了千山萬水。
終於，他態度有所鬆動，但隔天她被遠送重洋。
六年後，再相遇，她是嫌疑人，他是警察。
顏寧：徐長風，你不懂我的情，盼的只是飄洋過海來愛你。"
毒后傾天下,聲聲慢－,愛情,完結,0,吾里文化,BG愛情,,,,,https://mojoin.com/novels/205,"炎國是九州大地上的一個國家。
本來是軒轅家的天下，卻因為國王無能，被大將軍靈善奪了天下。
太子軒轅曄與皇子軒轅逸逃亡。

十年後，軒轅曄起兵，奪回炎國天下，處死靈善。
靈善的小女兒無憂公主不肯做軒轅曄的皇后，自焚……

兩年後，已經飲下忘川水的無憂公主在岐水河畔被逍遙侯爺發現，因其相貌與無憂公主相像，被帶入侯爺府暗中培養……"
盛世雙妃,秋雨後的小蘑菇,愛情,完結,0,吾里文化,BG愛情,,,,,https://mojoin.com/novels/197,"一朝夢醒，她被肥頭大耳的男子壓於身下。
能忍嗎？
不能忍。
她抬手便要了男子的命，順便搶了他家的錢。
錢還沒焐熱，病嬌公子便要求與她分帳。
笑話，本姑娘是好惹的人嗎？
咦，好像打不過。那就只能，溜了，溜了"
喜嬌娘,孔陽,愛情,完結,0,吾里文化,BG愛情,,,,,https://mojoin.com/novels/259,"千嬌百媚小神棍，一朝穿越成炮灰！
相公妖邪纏身，婆家敗光家產
親娘家窮的底掉，養母家不安好心
認命？那是不可能認命的！
逆天改命專八畢業，高深術法吊打極品！"
特工醫妃，專治腹黑傲嬌帝,月滿棲樓,愛情,完結,0,吾里文化,BG愛情,,,,,https://mojoin.com/novels/254,"她帶著最頂尖軍醫系統，穿越了。
代號000的特工軍醫變成了一個被打入冷宮的棄妃，哎，棄妃就棄妃吧，反正冷宮裡，住著也挺涼快的。
可是為什麼娘娘們天天上門來示威，大小王爺隔三差五來調戲，奴婢踩到她的頭上來，比主子還囂張……從此，她號稱鬼手醫聖，專治各種作妖。
可是，那隻成天要壓著她，生娃娃的腹黑帝君怎麼治……
林凌凌背上小包袱，準備跑路。前腳剛剛翻牆，後腳就被男人一把拽住了。

英俊邪魅的帝君，眉頭一挑：「哼，帶著朕的寶物，你還想跑？」
林凌凌不服氣：「我什麼都沒帶，我這可是是淨身出戶！」"
婚然心動：契約老公請輕寵,尤醬_,愛情,完結,9,吾里文化,BG愛情,,,,,https://mojoin.com/novels/148,"未婚夫出軌那天，我跑去酒吧買醉，結果卻遭人下藥。
我以為我要完了，直到顧凌年的出現。
「你們想幹什麼？」
那時我看著從黑暗箱子裡走出來的顧凌年，心想真他媽帥。
所以當他問我要不要跟他結婚的時候，我就毫不猶豫的答應了。

至於婚後日常，當然是：
「老婆，起來吃飯了！」
「夏七婉，沒穿襪子不許光腳踩地！」
「夏七婉，只要你想，全世界我都可以給你！」

這世間最難得的事，莫過於遇到一個真心對自己的人。
我遇到了顧凌年，也希望你們能遇到屬於你們的『顧凌年』。"
婚內燃情：撒旦老公請溫柔,水龍卷,愛情,完結,0,吾里文化,BG愛情,,,,,https://mojoin.com/novels/79,"幸福美好的婚禮現場突然被人打斷，這輩子她怎樣也不會想到的是，會出現一個人將她從婚禮現場直接劫走，直接將她期待中的所有美好打破。
但誰又能預料到，在她新婚之夜丈夫就已經背著她出軌名模，她忍，婚後兩天，丈夫帶著小三登堂入室，全然不將她放在眼中。
救她於悲傷中的男人卻帶著一身的秘密替她復仇並保護了起來。"
婚婚欲睡：金主大人，來勁了！,小貓愛吃糖,愛情,完結,0,吾里文化,BG愛情,,,,,https://mojoin.com/novels/69,"人人都說CE總裁顧寒城高冷不近人情，莫初卻覺得傳言有誤，第一次見面熱心的幫忙解圍，只是這圍解的……令她不堪回首。
再次見面，他竟成了金主大boss？她還要不要在公司混啦！
淡定淡定，她只是一個初入職場的小透明而已，大老闆是不會關注到滴。
豈料大老闆日理萬機，卻能準確察知「每位員工」的一舉一動，手把手教她適應工作，做到全「身心」投入公司。
「什麼，連結婚都能幫忙？」莫初驚了個大訝。
顧寒城邪邪一笑，將她逼到牆角：「我還可以幫忙生孩子。」"
他說逢愛做戲,火星來的貓,愛情,完結,0,吾里文化,BG愛情,,,,,https://mojoin.com/novels/20,"當愛已曾往事，誰又能說曾經沒有愛過呢？只不過那份愛情褪色了……
當擺脫了渣男，轉身遇到另一個男人，你是否又敢再次付出自己的真心呢？
愛情總是讓人先紅了臉再紅了臉，這時間的情情愛愛如若能輕易的放下，就不會有那麼多心酸與不捨。
一個從校園純愛走到離婚的地步，陸曉婉也算是徹底對男人死心了，可偏偏遇上了他……"
協議婚約，容夫人不好當,十二釵,愛情,完結,0,吾里文化,BG愛情,,,,,https://mojoin.com/novels/1050,"一紙協議，把兩人的命運，緊緊捆綁在了一起；
遇到她之前，他心裡有另一個女人；
遇到她之後，除了那個女人，他的心裡只剩仇恨……"
偏偏就想嫁給你,十二玉樓,愛情,完結,0,吾里文化,BG愛情,,,,,https://mojoin.com/novels/1039,"【喜歡他的人排到了路邊，他卻獨寵她一人。】
他是眾所周知的高冷學霸，潔身自好，冷冽，帥氣。
他光彩奪目，是她世界裡的唯一陽光。
喜歡他的人排到了路邊，而她是最卑微的一個。
表白失敗，她被堵台上，情書被當場宣讀。
情敵圍攻，眾人嘲笑。
她心中委屈，眼淚盈眶，卻沒注意到那個高大的身影。
一把奪回情書，男人目光凝冽：「誰給你的膽子，欺負我女朋友？」"
嫡女風華,小妖呢喃,愛情,完結,0,吾里文化,BG愛情,,,,,https://mojoin.com/novels/1011,"遭人陷害慘死，醒來時，她已不再是殺手莫離，而是正在慘遭皮鞭痛打的將軍府嫡女。
為了抬頭做人，她遵從神秘老人的意思，苦練《芙蓉訣》。

歷盡千辛，終於得知自己身份，原以為可以跟愛人相守一世，奈何他早已有了婚約。
罷了，既然不屬於自己，不如選擇放手。

沒有想到的是，自己枕邊的戀人，竟然是個徹頭徹底的奸細！
命運多舛，摯愛背叛，世間到底誰可以依賴？

上天造化，生我莫離，必有重用。
放手一搏，且看我重拾聖界，鳳舞九天！"
重生嬌妻：寵妻霸總輕點來,小甜甜plus,愛情,完結,2371,吾里文化,BG愛情,,,,,https://mojoin.com/novels/857,"「我說了，我要娶你」
「誰說要嫁給你了？」
一夜狂歡，霸總竟然以身相許。

前世性格內向，天性純良，年少成名的舞蹈天才，被其同父異母妹妹聯合愛人設局背叛，不但失去了一條腿，更是在繼母買通家庭醫生後，險些喪命。
最後，得知一切真相之後徹底崩潰，以最決絕的方式與繼妹同歸於盡，意外重生穿越回到了十八歲失去初夜當晚。
重生歸來，重活一世且知曉一切真相的蘇安，開始逆襲，絕地反擊！"
末世重生，黑料千金要修仙,小阿祭,愛情,完結,0,吾里文化,BG愛情,,,,,https://mojoin.com/novels/698,"（女強＋末世＋修仙＋空間1v1）
葉輕靈，現代葉家棄女，被娛樂圈流量小生王勝楠無情拋棄。
再醒來時，她竟穿回了末世來臨前一周，不僅得到了修仙秘籍，還開啟了丹田空間！

好傢伙，那她就在末世修仙！
等等，這顧南崢什麼鬼？畫風偏了吧？！

被葉家千金葉清舒挖了靈核的江城最強守護者顧南崢，重生回了末世到來前一周，手握大男主重生劇本，顧南崢發誓要讓整個葉家陪葬！
雙大佬碰撞，顧南崢反悔了，陪葬不假，葉輕靈除外。

次日，「瘸子」顧南崢與葉家棄女的訂婚成為江城笑柄。
可當末世來臨，喪屍來襲，望著隔壁高樓上看戲的少女和她身側輪椅上的顧南崢。
眾人紛紛哀求：「大佬救命啊！」"
不能愛,色之羊予沁,愛情,完結,30,作者授權,BG,古典,姨甥,年齡差,,https://mojoin.com/novels/627,"她說我的愛如桔梗花，是永恆之愛卻也是絕望之戀。
菲爾羅斯‧伽米爾，在十三歲生日晚宴時，祖父向外界宣稱他即將為菲爾羅斯家族的第十三代當家。
伽米爾欣然接受賓客所贈予的祝福。
只是生日才剛過，一向被他認為是菲爾羅斯家唯一的鬼房間房門卻開了？

他跑去偷看，見著裡頭站著一名高貴的女子。
在他一頭霧水時，母親跟他介紹那女人是菲爾羅斯‧莉莉安。
那女人是母親的姐姐，原本被預定為菲爾羅斯家族第十三代當家的繼承者。
但是他可沒聽過自己有叫做菲爾羅斯‧莉莉安的親人啊……

聽到這消息的伽米爾十分震撼，他昨日才剛被宣稱為繼承者，如今真正的繼承者卻回來了？
他從小就在為扛起這個家族做準備，如今繼承者回來，那他是不是喪失繼承權了？
然而更糟糕的情況是，他對這位與自己有血緣關係的人動了心……"
重生後將陰鬱老公寵上天,小白菜菜,愛情,完結,10,吾里文化,BG愛情,,,,,https://mojoin.com/novels/247,"【重生+現代言情＋豪門總裁＋寵妻+甜寵+腹黑+女強+追夫】

重生前，鹿綾有最好的姐妹。
後來鹿綾才知道，原來她的姐妹看上了她的老公，還因為得不到她老公而要燒死她。
再後來鹿綾又發現自己深愛的男人接近她竟然只是為了她的權勢
鹿綾看莫邵亭百般不順眼，覺得他強娶自己簡直就是舊社會的糟粕。
「莫邵亭，你給我滾。」
結果莫邵亭為了救她而甘願喝下毒酒，只可惜渣男渣女說話不算話，還是將她一把火燒了個精光。
再醒來的時候，鹿綾發現自己重生了。

渣男渣女虛情假意，鹿綾直接一巴掌扇過去。
轉身投到莫邵亭懷裡，可憐兮兮：「老公，我手疼。」
莫邵亭望著鹿綾一點痕跡都無，白皙且光滑的掌心陷入沈思。
這是有事情呢還是沒有事情呢？
ps熱烈如火大小姐＆陰鬱冰冷大總裁。"
你是心上高嶺花,一葉之舟,愛情,完結,0,吾里文化,BG愛情,,,,,https://mojoin.com/novels/1111,"重生前，我魂牽夢縈心心念念的人，始終是他。
只是懦弱到至死也沒能向他表白，即使到了傳說中世界末日的那一天。
後來，我重生了，帶著往昔的記憶。
這一世，我一定要和他在一起！

只是……
重度外貌協會的葉雨澤可真不好追。
我：你將來會找什麼樣的女朋友？
他：長得漂亮的。
……
我：我覺得你是個很好的男孩子……"
反派大佬的心尖寵,一隻仙子,愛情,完結,1,吾里文化,BG愛情,,,,,https://mojoin.com/novels/960,"意外穿書後，季辭成了反派大Boos的未婚妻。
人都說，只要反派長得好，三觀跟著五官走！
面對美色當前，季辭絕不犯慫！擼起袖子就是乾！
家有未來大反派怎麼辦？
當然是君子動口不動手啦～
咱是文明人，咱要講道理，要用愛心去感化～
正當季辭苦口婆心，費盡九牛二虎之力即將感化反派大Boos的時候，她猛然發現，這傢伙居然是個偽反派？"
快穿之炮灰女配是滿級大佬,一芳,愛情,完結,0,吾里文化,BG愛情,,,,,https://mojoin.com/novels/587,"【現代言情+豪門總裁+系統+幻想言情+快穿+甜寵+寵妻+爽文】

衛苒之意外得到狗系統開始了「打怪」生活，然鵝，在敵人到達戰場時才發現她是炮灰！
只要她作到死，忍到老就可以大圓滿？
作死？呵……呸！在線改命！
面對「可憐，弱小，又無助，垂淚欲滴」的第三者，衛苒之點頭：很好，教你做人。
虐渣毫不手軟的衛苒之，本以為是拿了爽文劇本，在被某人死死抱在懷裡才覺悟：她是躺贏。
狗系統看著被摧殘不成樣子的主角，靈魂質問衛苒之：明明是要你當踏腳石頭，你居然成了石敢當？
衛苒之一攤手，很無辜：爬不起來是基因不好，我要為這件事負責嗎？也不是我生的對不對……
把人按在懷裡的牧某人也表示：我幫你贏，你負責躺！"
江山若暖，許你情長,一枝寒梅s,愛情,完結,0,吾里文化,BG愛情,,,,,https://mojoin.com/novels/482,"「暖兒，拿好遺詔，保護好自己，快跑！」
全家滅亡那天，我親眼看著祖父死在我面前，看著親娘和親姐被士兵輪流蹂躪。
我恨，我怨，我拎著長劍殺了出去，我發誓要殺盡那些畜生，直到他走到我面前：「這些不過是走狗。」「想真正報仇嗎？」
那時我仰頭看著他臉上的竹面具，看著不遠處還在被蹂躪的親娘和親姐，恨紅了眼：「想！」
江山若暖，許你情長。濮陽玉珏，我這一生很高興遇見了你，可卻也希望：來世，不再與你相約！"
我想偷你的體溫,一朝一暮,愛情,完結,0,吾里文化,BG愛情,,,,,https://mojoin.com/novels/392,"堂妹的婚禮上，伴郎—新郎的小叔竟然對她圖謀不軌。
按照輩分，她應該叫他一聲陸叔，她的兒子應該叫他一聲爺爺。
可是為什麼他總用巧克力哄騙小包子叫他爸爸？不行，不行，這是亂了輩分的事。

沈西洲從沒想過自己這輩子還會有妻有兒，在他的世界裡只有掠奪，可是自從他被一個傻女人撞了車，他似乎覺得前幾十年都白活了。
小樣兒，這次回來，還和他裝不熟，叫他沈叔，這次叔叔就收了你！

小包子：「媽媽，姨媽的丈夫的叔叔是誰？」  
陸南風掰著手指頭算了好久，最終確認：「乖，你要叫他爺爺。」
小包子：「可是他剛剛拿了一盒巧克力，讓我叫他爸爸，」說著吧唧吧唧嘴"
嬌俏醫妃：世子爺，超能撩,二兩清歡,愛情,完結,0,吾里文化,BG愛情,,,,,https://mojoin.com/novels/41,"「世子爺，侯爺有案情，希望世子妃去查探一番。」
「世子爺，沈大人請求世子妃出山查案。」
「世子爺，城西有一件非常十分棘手的案件，想麻煩世子妃……」
「娘子，看在本世子這麼誠心誠意伺候你的份上，咱能不能就不出去了？」
「不出去那是不可能的，最多你一道去，給你三秒時間考慮，一，二……」黎煙嵐每天在府內吃吃喝喝喝，順便享受燕珩逸的伺候，絕對的說一不二。
「去！」燕珩逸很委屈，本世子一人的娘子，為何這麼多人覬覦，本世子不允許！！！"
法老的女兒,書癮少女「灼鴦」,愛情,完結,10,原創星球,虐心,歷史,甜寵,戀愛,,https://mojoin.com/novels/519,"戲精白甜小公主 X 城府深沉帥法老，古埃及王室兄妹相愛相殺的羅曼史。
改編自埃及第十八王朝哈特謝普蘇特＆圖特摩斯三世時期。

── ❈ ❖ ❈ ❖ ❈ ──
◉封面來源：灼鴦自繪，角色為奈芙汝瑞
◉雷點提醒：骨科慎入
◉自訂標籤：#正劇 #兄妹鬩牆 #貴圈真亂 #甜甜的玻璃渣
◉角色屬性：
◎圖特摩斯 #埃及法老 #腹黑 #沉穩 #溫柔 #妹控 #佔有慾
◎奈芙汝瑞 #埃及公主 #作精 #甜美 #奶萌 #兄控 #小惡魔
◉搭配歌曲：Jasmine Thompson — Adore
── ❈ ❖ ❈ ❖ ❈ ──

她們肩負太陽神阿蒙拉賦予的責任，誓死守護埃及。
她們的血液中蘊藏著野心，不甘雌伏，不願做男人的陪襯。
她們擅長等待，像母獅在暗處埋伏，直到獵物露出破綻。
她們是──法老的女兒。"
逆天神妃：魔尊大人撩一下,醉櫻落,愛情,完結,0,吾里文化,BG愛情,,,,,https://mojoin.com/novels/813,"她，崑崙天選神女；
他，洪荒初生魔仔。
她是他的剋星，也是他的救贖。
一朝重生，她成了人族的痴傻廢物，卻強勢崛起，虐盡所有欺她之人。
他隱身人族渡劫，卻被個傻女吃乾抹淨了，最可氣的是這傻子還給他始亂終棄。
某魔仔咬牙：竟敢給他始亂終棄，看他追到天涯海角，也要她負責到底。
其實就是絕色小姐姐VS俊俏小奶狗的故事。"
祕戀,尾巴Misa,愛情,完結,0,獨家原創,BG,黑暗,,,,https://mojoin.com/novels/524,"沒有人知道，我和當紅明星路邑成在一起，
我們說好了不公開這段戀情。

我明白路邑成愛我，也擔心平凡的我和他交往會招來嫉妒，
所以我願意讓彼此的關係成為祕密。

可是因為這樣，路邑成經常會被其他女生糾纏，
包括那個從高中開始就幻想自己和他在交往的女人……"
流浪愛情,月亮熊,愛情,完結,117,獨家原創,BG,溫馨,療癒,,,https://mojoin.com/novels/1036,"從參加各種社團、打工到去各地旅行，芝籬總是如候鳥般四處遷徙流浪。
他曾以為自己能成為她願意棲息的窗沿，但牽起手後，她卻像被握緊線的風箏一樣，無所畏懼地飛得越來越遠。
留他孑然駐足在原地，追不上、又放不了手——
我們就像長毛象一樣，因為被冰封而無法靠近彼此，所以不管妳在地球上的哪裡都沒有區別……
我們都被停在這一刻了。"
巫蠱王妃，傾天下,橘子可妃,愛情,完結,0,吾里文化,BG愛情,,,,,https://mojoin.com/novels/1068,"如果有一天你穿越成了和親公主，還是被個毒死的和親公主，你會做什麼？
姬傾城不知道別人做了什麼，反正她是先虐了渣，再吃飽喝足再說。
因為，這位和親公主是位懦弱得連飯都吃不飽的人。
姬傾城穿越來，沒別的願望，就想著離開戰王府。

墨祁一臉傲嬌：「王妃，本王准許你離開了嗎？」
姬傾城一個眼刀子射過去：「本宮離開，需要你批准？」
墨祁立馬焉了，狗腿道：「不用不用，王妃去哪兒，本王去哪兒。」"
時光恰似你，一別再不見,嘎吱兒,愛情,完結,0,吾里文化,BG愛情,,,,,https://mojoin.com/novels/1045,"展盞的夢想要實現了，像是天上掉餡餅那麼神奇。
展盞：「就算我失敗了，也不會讓我狼狽的退出。」
陸朗勾起一抹笑容，揉了揉展盞的頭髮，「一定。」
看著那個瘦小的背影，陸朗默念，「只要你願意，你永遠不會退出。」
展盞：「程舟揚，你留我一下，我就不走。」"
星辰不及你耀眼,蚊小七,愛情,完結,2,吾里文化,BG愛情,,,,,https://mojoin.com/novels/1027,"前世，她血崩於病床上含恨而終。
今世，她必要那渣男賤女付出代價？
不過，這人幹什麼一直纏著她？
娛樂圈裡浮浮沉沉，拼的不過就是一個演技。
她和她不過就是一場交易，有必要在這裡裝什麼情深不熟嗎？
「哦？是嗎？」
某人看著她面目表情。
「昨天你在床上可不是這樣說的。」
某女：「……」
某cp粉：「啊啊啊啊啊！白蘿蔔又發糖啦！這碗狗糧我不吃！」"
清宮，九玉,若水亭,愛情,完結,0,吾里文化,BG愛情,,,,,https://mojoin.com/novels/1020,"穿越清朝的白家商女一夜間身份大變，成了董鄂府的遺孤，
從踏入深宮的這一刻起，她便掌握了所有人的命運，
為了心愛人，深陷泥潭，改變歷史，勇鬥后宮，相愛相守不止三百年。
深宮愛戀九皇子、暗中利用八王爺、虐愛情癡雍正帝、少年將軍十四爺、錯付真心鐵帽王、勿忘哥哥、阿莫守護、總有一款是屬於你的……
「阿九，我已經愛你三百年了！」
「阿玉，生生世世莫相忘！」"
綰髮似君心,臧語瞳,愛情,完結,0,吾里文化,BG愛情,,,,,https://mojoin.com/novels/1019,"林婉君跟白芷涵同時生孩子。
歷經萬難，林婉君才把孩子產了下來，還未看到孩子一眼，她就昏迷過去。
產婆跑去二爺面前報喜，告訴二爺，林婉君根本就沒有懷孕，只是拿一隻布娃娃在作假。
慕少祁當場黑臉，一氣之下，衝進林婉君的房間，厲言辱罵她。
林婉君身體虛弱，昏睡了小半個月，才又死裡逃生的醒過來。
醒來後，她便開始在府裡找她的孩子……
終於，她發現白芷涵的那個孩子，根本不是她親生的，而是把她的孩子偷了過去。
林婉君本想著要把孩子要回來。可惜根本沒有人相信她，白芷涵又趁著演了一場……"
吾向有才，子馭好逑,狐七戒,愛情,完結,11,吾里文化,BG愛情,,,,,https://mojoin.com/novels/1018,"過勞死便過勞死吧，還穿越了； 穿越便穿越吧，還背了一身的爛桃花； 爛桃花便爛桃花吧，還都是同性。

啊！向子珏感受到了深深的惡意。
三觀易變，取向難移，歡喜姻緣，啼笑皆非。
建劇院，開電廠，通水利，成商王。
向子珏同志背負著二十一世紀的精尖科技體會了一把青史留名的快感。

「這古代就是我小向的天下啊！」向子珏沾沾自喜。
「娘子，你說錯了，是我們的。」遲馭糾正道。
「夫君長得美，說什麼都對。」

這是一個歡快明亮的故事，男女雙潔，喜歡的入坑吶。"
愛如初見,糖小卡,愛情,完結,0,吾里文化,BG愛情,,,,,https://mojoin.com/novels/1013,"在和博弈宸的愛情中，沈天藍一直卑微的存在著，直到他將她至於小三的位置——
「博弈宸，我們分了吧。」
「在我玩兒夠你之前，你休想。除非，你死！」
而當她真的死了，他卻從此生活在錐心刺肺中，痛不欲生也無能為力。"
萌寶仵作妃,洛夕,愛情,完結,0,吾里文化,BG愛情,,,,,https://mojoin.com/novels/987,"她是穿越到異世的現代小法醫，身嬌體弱，還有個免費的兒子。
他是被世人崇拜的戰神王爺，卻在月圓之夜被人設計失了清白。
她只想平凡的活在異世，誰料總是有隻無形的大手，將她推進一樁樁離奇的命案之中。
他勢要抓出那個毀他清白之人，卻沒想到被那個不同於一般女子的大膽狂徒所吸引。
她與他之間的追逐是命運早就安排好的緣分，還是一場精心佈局？"
餘生，寵你入骨,白奶包,愛情,完結,7,吾里文化,BG愛情,,,,,https://mojoin.com/novels/978,"結婚一年，他為了心愛的女人謀奪父親家產，奪走她的眼角膜，讓她成為別人的玩物。
時隔多年，成為天之驕子的他再次出現在她面前，對她百般糾纏。
不是為愛，不是為情。
從妻子淪為情婦，他百般羞辱她，她的痛苦滿足了他變態的佔有慾。
「需要我伺候你嗎？」"
冷王爺的金牌小廚娘,雨沫,愛情,完結,460,吾里文化,BG愛情,,,,,https://mojoin.com/novels/975,"一場意外，她帶到了一個歷史架空的朝代，夜朝。
從此她頂著天齊國公主、夜朝逸王妃楚千尋的名號艱難的生存著。
她用自己前世所學征服了一眾身份顯貴之人，卻唯獨征服不了她名義上的丈夫——冷王爺夜君逸！
表面上她深得夜朝皇帝、太后和眾多貴夫人的青睞，是風光無限的逸王妃。
她開酒樓、建醫館、搞養殖，一夕之間成為夜朝的暴發戶。
戰爭爆發時，她懷著身孕不顧生命危險全力趕赴邊疆戰場，為的就是在他有需要時幫他，最後戰爭勝利了。
他卻突然轉過身冷著臉說：「一身的銅臭味兒怎麼能做好本王的王妃，不如你主動讓去正妃之位給芳華，本王還能保你富貴一生……」"
君心獨寵，皇妃不聽話,易輕塵,愛情,完結,0,吾里文化,BG愛情,,,,,https://mojoin.com/novels/966,"寧素言本是掐花小能手，卻因為墜穿越，成了大燕王朝軍侯寧家的廢柴嫡女。
剛醒來就看見房樑上有個男人！採花賊？還好沒得手！
姨娘惡妹妹還敢再她面前作威作福，她可不是吃素的，讓她受的都得報復回去！
一道聖旨下來，莫名其妙進了宮。
被拎到皇帝跟前，皇帝是採花賊？她驚的下巴都要掉了……
總有美男找上她，皇上您生哪門子的氣？"
林中深處終有意,阮無虞,愛情,完結,0,吾里文化,BG愛情,,,,,https://mojoin.com/novels/965,"喬沈然給了林意極致的寵愛，護她周全。
可原本屬於喬沈然的那個人出現，不僅在喬沈然面前裝可憐，還將林意往絕路逼。
喬沈然親自殺了和林意的孩子，放開了林意那雙懇求他的手。
林意死了。
再見，林意不再是林意，她叫他「喬總」。
xxxxx
「喬沈然，你有什麼資格再讓我為你履行那三個條件？」
「喬沈然，我要做的就是毀了你。讓你也嚐嚐，你給我的那些痛。」"
腹黑王爺的萌寵小王妃,竹子空心,愛情,完結,0,吾里文化,BG愛情,,,,,https://mojoin.com/novels/954,"「你是穿越的？」
「……」
「你是重生的？」
「……」
我靠，難道是穿越加重生的？
可是對這莫須有的國家的地理文化知識未免懂得太多了吧，這讓她一個堂堂二十一世紀的穿越者的重生者情何以堪？
不過柳云溪轉念一想，這人已經是自己的夫君了，有個這麼強大加穩固的靠山，她以後在這雪域國橫著走也沒人敢吭一聲了。
「不過，橫著走的不是螃蟹嗎？」某人臉不紅心不跳的說道。"
流光之境,阿素.,愛情,完結,131,吾里文化,BG愛情,,,,,https://mojoin.com/novels/951,"因被錯勾魂魄而死的楚蓮，在忘川枯坐了十六年終於等到一個借屍還魂的機會。
她茫然踏向一個聞所未聞的世界，原本只想安安靜靜地混吃等死，然後就能飲到一碗孟婆湯忘卻前塵重新開始，怎奈這裡弱肉強食，如果不反抗，等待她的就是無止盡的災難。
是尋個死解脫自己呢？還是苦逼的捱著？
楚蓮很糾結！
然而有個人對她說：從現在開始好好活，不也是一種重新開始嗎……"
美人不修緣,銀簽,愛情,完結,0,吾里文化,BG愛情,穿越,,,,https://mojoin.com/novels/950,"她一個考古界的學生，因為一個項鍊上的黑珍珠便穿越了。
穿誰不行！一覺醒來她居然上了那個女屍幼年的身體，不知道這是什麼朝代，也不知道這個人的身份，可偏偏這個人還長了一張禍水的臉。
剛來就見死屍，上街就被調戲，被賣還差點被劫色……莫名其妙還殺了人……終於遇到帥哥，可她自己家裡還有一堆對帥哥虎視耽耽的母老虎。
遠離是非，真愛生命……就在她下定決心過好自己的小日子時。

帥哥畫風突變，夜黑風高，倪卉哆嗦著：「這位帥哥，你你你……你進錯房門……」"
若深情不能對等,雲夕雅兮,愛情,完結,0,吾里文化,BG愛情,,,,,https://mojoin.com/novels/944,"半年前，莊紀柔輕信自己的學妹沈之琪帶自己發財，進入了一個玩彩票的圈子，卻沒想到遇見了……都說女人現實，其實男人才是最現實的。

莊紀柔這輩子犯過最大的過錯就是遇見了……司梁。"
王妃嫁到，腹黑王爺請接招,熊雯雯,愛情,完結,0,吾里文化,BG愛情,穿越,,,,https://mojoin.com/novels/941,"一場陰謀，被譽為奪魂的國際特工魂穿異世。

一紙賜婚，將軍之女和冷血王爺連在一起
下嫁當天就被關進地牢，從此開始暗無天日的人生直到被打死，才得以解脫

而當現代的特工穿到那個苦命的王妃身體時，一招催眠術就順利離開了地牢。
王妃苦命？
她扶額，往後一撇，追的人太多，不知道應該選誰？"
餘城涼,蘇杧,愛情,完結,4,吾里文化,BG愛情,,,,,https://mojoin.com/novels/927,"天帝四子青瀝君初遇妖族餘涼，本來只是她妖族的身份勾起了他的興趣，
卻不想，接觸下來漸漸情根深種。
千帆過境，他洞悉萬物，竟發現他們的緣分在兩千多年前前嗤妖台上那縱身一躍，便已種下！
而她接近他，亦懷著本不單純的目的。
人心複雜，傷痕無數，長境川里，承醫仙人看著青瀝君躺在木甲裡，只道「青瀝君，這一切只是個夢，你一定要醒過來。」
青瀝君眉頭緊蹙，腦海裡盡是那個熱烈卻又冷漠到徹骨的女子。
只想抓住她紛飛的裙袂……"
鳳殤情：君本無心,鄭十七,愛情,完結,1,吾里文化,BG愛情,,,,,https://mojoin.com/novels/867,"五年前他滅她滿門，將她囚禁，只為心愛的人報仇。
她不恨。
五年後他用她的鳳凰血讓心愛的人死而復生。
她亦不怨。
但是看著那兩人終於歡喜的在一起。
她的心被撕扯的鮮血淋淋。
「你究竟有沒有喜歡過我？」她滿心希冀的問道。
「你做夢。」回以她的不過冷言冷語。
可是為何他還要讓她感覺他心裡是喜歡她……"
亂世妖姬,隔壁張大媽,愛情,完結,0,吾里文化,BG愛情,,,,,https://mojoin.com/novels/850,"稚嫩的皮囊之下，住著一個歷經千百年的老靈魂，她只想這一世平平淡淡善始善終，奈何能遂了願的從不叫命運。
他將她從鬼門關拉回，她見他第一眼只覺得，此小伙秀色可餐奈何自己太嫩消受不起，彼時他十八，她四歲。
他收她當徒弟，教她學醫又教她煉毒，她磕頭敬茶，發誓不將他給皇帝用錯藥導致陽痿的事泄露，彼時他二十，她六歲。

轉眼十年，他被判弒君謀反，成了通緝犯，而她被一紙詔書送給主國半百的老皇帝和親。
從此，世間再沒有風流倜儻的轉世神農蕪先生，也再沒有隻管風月好不問少年愁的長寧公主。
她以為他們就此散了，結果，他搖身一變，成了她院中貼身的宮女，一臉媚笑，驚天地泣鬼神！"
神君大人：狐妖不是妖,尋花,愛情,完結,0,吾里文化,BG愛情,,,,,https://mojoin.com/novels/843,"他是人之唾棄的半妖，她是初上任的神君，
她為他得罪了正在氣頭上的玉帝，雙雙被打下凡界，
一面之緣定兩生，人道，畜生道，他們可還會相遇？"
在最美的年紀遇見你,公子緋緋,愛情,完結,0,吾里文化,BG愛情,,,,,https://mojoin.com/novels/840,"紀歡承認自己是遊戲小菜鳥，可菜鳥也是有尊嚴的。
有怨報怨，有仇報仇，召喚好友一起蹲點、埋伏、偷襲之，卻慘遭團滅。

「你戰力這麼低，我帶你吧！」那人高高在上的說道。
陰差陽錯，仇人變師徒。陸子宸在遊戲世界裡帶人裝逼帶人飛，現實生活中也不忘撩一撩新入職的實習小助理。

「對不起老闆，我有喜歡的人了！」
「可我記得你說過，你喜歡我，現在想說話不算？」
可是可是……那不一樣，再說我師父怎麼辦？紀歡內心糾結。
然而，當實力寵徒大神無缺公子等於國際著名偶像攝影師陸子宸，紀歡不淡定了——師父我宣你！偶像我宣你！陸子宸我宣你！"
我曾深情，但不候你,高阿諾,愛情,完結,0,吾里文化,BG愛情,,,,,https://mojoin.com/novels/836,"我曾暗戀白蓮花好友的男友。然而，她令我眾叛親離。
再次見面，我已結婚，他已訂婚。
未想我婚後性冷淡，婆婆為了治療這個病，竟然讓我……"
擁有你，失去你,盡歡,愛情,完結,0,吾里文化,BG愛情,,,,,https://mojoin.com/novels/809,"夕陽餘暉下是我小心翼翼的愛，緊閉的門後是你冷漠的表情。
我是孤獨患者，而你曖昧成癮。

「我不該用道德用婚姻綁架你，以前是我錯了，我和你道歉。你不是愛她嗎？我們離婚吧，放過我，也成全你自己。」
「謝謝你的大度。」他冷漠的說：「但離婚，你休想！」

一個為愛而崩潰，一個因愛而成長。
兩家人的結合，兩種命運的糾纏，在愛情和利益面前，到底誰對誰又錯？

她曾滿心期待：「我懷孕了。」
他卻看著她的肚子，冷淡的說：「風晚，把孩子拿掉吧。」
千帆過盡，傷痕累累，我們究竟是為什麼？"
自此錦書寄流年,不吃趣多多,愛情,完結,0,吾里文化,BG愛情,,,,,https://mojoin.com/novels/785,"江北統帥擎益州是眾人口中不折手斷的惡魔，他不信人也不信命。
機緣巧合，他遇見了她，狠厲自此化為柔情。
一場婚姻，卻將愛情、試探與堅守捆綁在一起。
他從未想過有一天自己會如此恨她：「史錦書，你竟敢騙我！」
在利益、懷疑、痛恨面前，他與她是否還能堅守到最後？
都說一別兩寬，各生歡喜，可為何他至今都在想……
倘若那晚一槍崩了她，是否，他再也不會為她牽腸掛肚，魂牽夢繞？"
引妃入坑，狐狸皇叔第一汙,知玄機,愛情,完結,32,吾里文化,BG愛情,,,,,https://mojoin.com/novels/782,"當他穆景儔的王妃，最大的情敵不是女人而是男人！
傳言，他金屋藏男寵，還隔三差五找小倌兒。
傳言，他口污手腳賤，長的妖孽卻臭不要臉。
她穆九卿，天不怕地不怕，卻一見到他就慫了！
他是她的皇叔，她是假的郡主。
她的床就他爬過，她的唇就他吻過，就連她的心也快要被他偷走…
他坑蒙拐騙，引她入坑，卻不知日日夜夜在他枕邊的她，在暗處笑的張揚陰險。
————
傾世聘禮，他娶她為妃，十里紅妝，他迎她進府。"
愛是飲鴆止渴，不死不休,綠籬晚晚,愛情,完結,0,吾里文化,BG愛情,,,,,https://mojoin.com/novels/761,"溫涼以最卑微的姿態愛著霍北辰，遭受著無休止的折磨，最後變成了一個病態的女人。
霍北辰不愛她，卻把她關起來當做囚鳥，不分晝夜給她無休止的折磨。
後來，溫涼終於絕望，知道自己唯一的活路就是離開他——
可是紅塵黃泉，無論走到哪裡，她都逃不過這男人的桎梏。"
學長，別跑,希黎,愛情,完結,5,吾里文化,BG愛情,,,,,https://mojoin.com/novels/747,"柯小格二十幾年的人生可以用一個詞概括，淡漠，基本上無論發生什麼事情她都可以用這種態度面對，唯獨霍言是個例外，初次見面，霸道的男人竟要她做他女朋友，再見面他強吻了她……幫她陪伴她……
漸漸的她明白淡漠應付不了他的冷漠、拒絕不了他的霸道、更抵抗不了他的灼熱， 自己不知不覺已經淪陷，早被攪個天翻地覆，可是當那女人出現，她才發現自己原來是個徹頭徹尾笑話。"
斬情,長夜,愛情,完結,0,吾里文化,BG愛情,,,,,https://mojoin.com/novels/717,"大婚之夜，紅妝帳內。
他劍指她的眉心，字字如刀。
「御醫郎說，笡兒每月那日疼起來猶如刀剮，慕秋燕，笡兒日後每疼一次，本王就割你一刀。」"
紅豆生南國,柳十三,愛情,完結,0,吾里文化,BG愛情,,,,,https://mojoin.com/novels/702,"納蘭安心被打入冷宮三月，三月不曾見他……一碗落子湯。
「君煜，願你此生永不後悔！」
只愛你一個，后宮佳麗只有你一人，什麼山盟海誓的話，終究，還是抵不過……"
穿越農女俏辣妃,雲夕雅兮,愛情,完結,0,吾里文化,BG愛情,,,,,https://mojoin.com/novels/659,"村里人都說，許清月性情暴躁，卻沒想到一夜之間換了個人。
前世身為特種兵，今世帶弟弟妹妹創業，辦學堂。
被退婚，沒關係，家中一貧如洗，沒事。
許清月慢慢來，只是上個山，被人輕薄，還要……自己這是做了什麼孽啊！
「娘子，願得一人心，白首不相離。」行，不相離是吧？許清月真想拿鐮刀捅死這滿嘴油舌的男人。"
掌上嬌妻，二婚寵入骨,雪珊瑚,愛情,完結,27,吾里文化,BG愛情,,,,,https://mojoin.com/novels/642,"她出軌了！一晚瘋狂，床單上大團的血漬告訴她，這是現實！

他是全東安市最不願意靠近的那類人，冷酷，無情，手段狠戾，為達目的不擇手段。

關於他有無數傳說，全是暗黑系奮鬥史。
白手起家，雙博士學位，隨手寫一個程式能黑掉一個集團，你敢讓他不痛快，他就讓你全家上下八代都不痛快。

這樣的人，會寵她嗎？

答案是：看你要不要。
方式是：日落而睡，相擁而眠，在最喧囂的黑夜裡我們只有彼此。"
許個願望叫曾經,曦昔,愛情,完結,0,吾里文化,BG愛情,,,,,https://mojoin.com/novels/641,"當我遇見你，所有的在劫難逃，也不過是命中註定。
我最親愛的少年，我只願我們，許個願望叫曾經。"
光與影,澈漓,愛情,完結,0,吾里文化,BG愛情,,,,,https://mojoin.com/novels/636,"光與影，相伴而生。
黎明之前，有人在嚮往光明，他們是追光者。
入夜以後，有人在追逐黑暗，他們是逐影者。
五個天才異能者，帶你領略不一樣的懸疑世界。"
他比星光更薄涼,路星,愛情,完結,0,吾里文化,BG愛情,,,,,https://mojoin.com/novels/622,"十三歲，我遇到陸深，在眾多女孩中他看中了我，以他未婚妻的身份帶我逃離孤兒院。
二十三歲，我嫁給陸深，成為令人驚羨的陸太太，可只有我知道陸深心裡另有他人，而我於他來說，連個替身都算不上。

他指間夾著香煙，嫋嫋的煙霧模糊了他的面容，他問我：「安然，你知道當初我為什麽會選中你嗎？」
我看著他，他勾唇輕笑，笑意薄涼：「因為命中注定我要在那麽多人中一眼看到你。」
後來，他掐著我的脖子說：「安然，如果你愛我，那就為我心愛的女人去死吧……」"
快穿攻略：腹黑男神請接招,樰落,愛情,完結,0,吾里文化,BG愛情,,,,,https://mojoin.com/novels/611,"夏茗死了，來到一個鬼地方，看著眼前發光的螢幕，不可思議地睜大眼睛，「什麼？讓我去撩男神？」
系統鬥志昂揚地回答：「是的，每位都有特定的男神，你要做的任務就是追他，追他，追他，讓他徹底愛上你，對你死心踏地。」
夏茗口水直流，雙眼瞬間冒出閃閃桃心，連連應道：「好好好，這麼好的事情當然要答應了，有男神撩還復什麼活，我要去尋找我的真愛。」她還沒有見過極品美男長啥樣呢。"
婚約,花末,愛情,完結,0,吾里文化,BG愛情,,,,,https://mojoin.com/novels/601,他說，忘了這條婚約，從此踏踏實實做我的女人……
兔公主要逃婚,小圓滿,愛情,完結,0,吾里文化,BG愛情,,,,,https://mojoin.com/novels/599,"葉佳人被五花大綁的扔在床塌上，她看著面前冷俊的男人，一臉驚慌。
「放心，本王還沒那麼飢渴。」冷庭禦低眸掃了眼她肥肥的腰身。
雖然嫌棄，可還是救她於水火。
再見，她渾身髒兮兮的被人丟在他面前。

「我只是肉吃的比較多，再說了我這是虛胖！」
被他說胖成球的葉佳人不服，仰頭睜著黑眸據理力爭。

「嗯，虛胖。」男人唇角微勾，隨即大手一拋將她扔入浴池。
渾身的毛髮濕漉漉的沾在一起，葉佳人把自己藏在水中不敢看他。
人家別的兔子往水裡一丟，頓時大毛球變小毛球。
而她……只是毛髮濕了，並沒有縮小的視覺。"
替身,帶刺地玫瑰,愛情,完結,4,吾里文化,BG愛情,,,,,https://mojoin.com/novels/549,"我是一個替身演員，與一般的替身有所不同，工作性質特殊，是整個片場最被人瞧不起的一類。
有人用鄙夷的眼光看待我，每個人都可以把我踩在腳底下。
每天穿梭在各大片場之間，見慣了那些光鮮靚麗的背後，那些太陽永遠無法照耀的角落。
我也不能倖免，最終我慢慢的淪陷，無法自拔……"
暴王求妃，娘子有毒,月初,愛情,完結,0,吾里文化,BG愛情,,,,,https://mojoin.com/novels/536,"因為是罪臣之後，因為要照顧年幼的弟弟。
她只能忍辱負重，苟且偷生，還要承受他的報復，他的折磨和羞辱。

第一次，被他送給他人……
第二次，被打的傷痕累累，遍體鱗傷……
第三次，被關進地牢，奄奄一息……"
繭愛,遁逃的魚,愛情,完結,0,吾里文化,BG愛情,,,,,https://mojoin.com/novels/495,"他喜歡更漂亮的女人，好面子，覺得另一半得與自己般配。
然而那個不般配的她，卻最讓他舒服。
他在她身邊來來去去。
來來去去，就是不愛她。
有一天，她終於累了，想要離開他給她織的繭，展翅高飛。"
愛情下了雪,愛抹茶的琴姐,愛情,完結,0,吾里文化,BG愛情,,,,,https://mojoin.com/novels/483,"墨毅言一把揪住簡約的衣服怒喝道：「看看你自己有多髒、多噁心！」
轉眼簡約身上的衣服就被撕破扔在了地上，墨毅言憤恨地往她身上抹著沐浴露，似乎再多的沐浴露都無法洗去簡約身上的污濁。
簡約奮力掙扎著，卻仍然敵不過墨毅言的力氣。
墨毅言粗暴地將簡約全身都洗了個遍，然後將她狠狠地抵在牆上，雙手扣住了她的纖腰……
自從三年前那個晚上之後，每次墨毅言回到家都要瘋狂地清洗簡約的身子，然後狠狠地要她，似乎她的身子永遠都洗不乾淨……"
回憶太深，你太遙遠,木向晚,愛情,完結,0,吾里文化,BG愛情,,,,,https://mojoin.com/novels/451,"六年前，一場大火，我毀容失憶，他步步為營！
原來，所謂人人羨慕的豪門生活不過是他戳人心骨的陰謀……"
願你流年不獨歡,夏顏兮雅,愛情,完結,10,吾里文化,BG愛情,,,,,https://mojoin.com/novels/438,"初遇我從未想過日後我們會有這麼深的糾纏。
我本該按著我的人生軌跡，卻不曾想到會有你的出現。
沈言，深言。
不負青春不負你，經年流轉，多謝你還在等我。
流年似水，我不獨歡，你不獨樂。"
鳳傾城，公主後院又起火,成王千安,愛情,完結,0,吾里文化,BG愛情,,,,,https://mojoin.com/novels/415,"她還記得那天穿的一身火紅嫁衣，鳳冠霞帔，灼灼其華，十里嫁妝，半世芳華。
轉眼間全天下的人都知道尊貴的公主大婚當日被退婚，她成了被天下人恥笑的棄婦。
雲落楓堅信緣到有時終須有，緣到無時莫強求，萬般皆是命，半點不由人，該放手就放手。
坊間傳聞，被下堂的公主殿下第一天就生是非找小倌，第二天擲千金混賭坊，第三天…頗有破罐子破摔到底的架勢。
然而某一天丫鬟火急火燎的跑來：「公主公主，聽說鄰國皇子以江山為聘，納你為妃。」
她風輕雲淡一聲：「哦。」
「公主公主，丞相大人獻上絕世珍寶，要娶你為妻。」"
吃定嫡妃，腹黑王爺謀天下,易輕塵,愛情,完結,10,吾里文化,BG愛情,,,,,https://mojoin.com/novels/390,"她是21世紀女警，執行任務時一個不小心掉下大樓，成了大樑王朝丞相的廢柴嫡女，卻發現自己的身世沒那麼簡單。
他是大樑王朝的殘疾王爺，「碰巧」救起了落水的她，他們有共同的仇人，自此開始了復仇的合作。
休夫開店都是小意思，被人擄走也不急，他們要的是整個天下。
卻不知，他早在一開始就吃定了她……
刺客來襲的洞房夜，他們並肩作戰，直到最後她「嚶嚀」一聲，將他壓在身下。
男人忍住身體的躁動，「慕希，這可是你自己要的！」
還沒等他繼續說，嘴巴已被紅唇堵住。
第二天，慕希醒來，眼前的男人可憐兮兮地說，「希兒，吃了要負責……」"
毒醫娘子：病弱王爺請自重,柳十三,愛情,完結,0,吾里文化,BG愛情,,,,,https://mojoin.com/novels/371,"一朝穿越，我洛關雎從現代醫師竟然淪為相府嫡女。
什麼？太子拋棄我，妹妹要搶夫！
姨娘要奪權，爹爹不管事！

還有，病弱王爺？是什麼鬼？一看就是被推到的料竟然還想霸王硬上弓！
躺好，別動，說的就是你，瞧我妙手回春讓你重獲生機。
說好的別動，怎麼就……

「娘子」"
特工狂妃：腹黑將軍，請接招,蘇晴川,愛情,完結,11,吾里文化,BG愛情,,,,,https://mojoin.com/novels/357,"一夕之間她從殺人不眨眼的王牌特工，成了蘇府的廢物嫡小姐。
剋死爹娘？
沒有關係，反正前世她是孤兒。
只是這個將軍男人，什麼意思？
居然讓她去帶兵打仗。
你沒有搞錯？她好像還沒有長纓劍高吧。
還有你家裡的小妾可真多啊，嘖嘖嘖，大帥比，你腎虛不？

他說：蘇九九，幫我贏得長安城一戰，我放你離開。
她說：贏了以後呢，你當你的皇帝，我呢，繼續做我的殺手。
他嘴角揚起一抹微笑「你離開後，我再把你抓回來，讓你做我的皇后。」"
暮色夜微涼,風煙一渡,愛情,完結,0,吾里文化,BG愛情,,,,,https://mojoin.com/novels/313,"慕涼辰用陰謀和謊言編織的密網成功捕捉了剛剛破繭成蝶的暮雪。
經歷婚變，她自卑隱忍，步步退縮，可他堅定如初，霸道卻不失溫柔。
後來，她知道了一切，笑意淒涼，「慕涼辰，這就是你所謂的愛？！」
只是，她轉身離開的時候，慕涼辰卻真的動心了！"
愛你如病入膏肓,歐果,愛情,完結,0,吾里文化,BG愛情,,,,,https://mojoin.com/novels/309,"因為無意間的舉動，她被迫和一個毫無感情的男人結了婚。
兩年的時間，沒有人知道她陸太太的身份。
就連陸家，也對她的存在嗤之以鼻。
在她將孕檢報告放在他的面前時，只換來了他一句冷笑。
「想要為陸家生兒育女？只怕你還沒有這個資格！」
只是，既然沒有資格，三年之後，又是誰將她壓在了身下，掐著她的脖子惡狠狠的說道，「不是我的孩子，就不應該出生！」
他不愛她，卻一定要禁錮著她，哪怕她遍體鱗傷，體無完膚。
他就是要留著她，就算只剩下屍體！"
妖不語,蘇銳,愛情,完結,0,吾里文化,BG愛情,,,,,https://mojoin.com/novels/294,"只是因為愛你。
縱然抽掉一身妖骨，化身凡人。
縱然銀釘鎖身、萬箭穿心、俱化成煙。
卻依然不願後悔愛過你。
當他終明她真心而痛悔時，她卻親手執刃，刺穿的心窩……"
總裁的私寵寶貝,安小米,愛情,完結,0,吾里文化,BG愛情,,,,,https://mojoin.com/novels/289,"她被他家收養了十多年。
如果問她最怕的是什麼？那就是她兒童時期裡灰暗的回憶，不止被某小鬼當成最有趣的「玩具」，還在一個風雨夜，被他將初吻給奪了……
如果只是這樣，她忍了！可那個死小子，她跟其它男生說一句話都不允許！
她忍忍忍，卻最終忍不下去了，跟帥帥的學長約會的時候，卻被一臉陰沉的死小子扛回了家……"
長夜闌珊酒未涼,森林野生小石榴子,愛情,完結,0,吾里文化,BG愛情,,,,,https://mojoin.com/novels/206,"少年的一句承諾，換來半生浮沉風雨飄零。
她沒有做錯任何事，只是愛錯了一個人。
……
「翟將軍上能戰場退敵，下能以身慰三軍，孤有良將如你，實乃國之大幸！」
他殺光她信賴的人，將她推入淫羊地獄。
她逃走不成，卻被挑斷手腳筋囚於身邊，夜夜承歡。
「陛下放著美麗多情的王后不聞不問，夜夜宿在教司坊，是愛上罪臣了嗎？」
「呵，孤只是覺得經驗豐富的女人，服侍得更盡興罷了！」
……
當她，被他安上通敵賣國的罪名，當眾推下城樓。"
餘生陪你到白頭,自是年少,愛情,完結,0,吾里文化,BG愛情,,,,,https://mojoin.com/novels/83,"最剛開始見蕭怡的時候，蘇黎並沒有什麼感覺。
後來漸漸地發現，這個小姑娘有點聒噪，有點可愛，還有點孩子氣。
他以為，他倆就這樣了，每天彼此看著對方，一起上課，一起考試，一起攜手餘生，
可是時間證明，冤家不一定路窄。
就像他和蕭怡，明明已經懵懂地闖進了對方的生命，
卻可能只能看著對方的背影漸行漸遠。"
妖孽相公,豆丁皇后,愛情,完結,0,吾里文化,BG愛情,,,,,https://mojoin.com/novels/81,"葉溪倩一名調酒師，竟也會穿越。
還碰到一個帥哥不停地叫她娘子？
她怎麼不記得，什麼時候是他娘子了?
看他那可憐樣，她就勉為其難的接收他吧。
咦，他不是個只會撒嬌，純真可愛滴人麼？怎麼有人稱他是冷面玉君？
呀，竟然眼睛會變色，到了他家，哇，真是有錢的可以。看來她得好好地霸著他啦？什麼！
竟有人來搶他！怎麼可以！！！！"
禍亂宮闈，冷王的階下妻,阿悅最帥,愛情,完結,0,吾里文化,BG愛情,,,,,https://mojoin.com/novels/61,"惡俗版：
奉旨成婚，她本就不願，更在新婚之夜，遭他草草敷衍，「不過是一蓋頭，自己摘了便是。」 
她便冷言以對，「夫君若是不願，抗旨拒婚便是，如今口口聲聲，堂堂太子殿下，卻原來只是心有不甘又不敢抗爭的懦夫而已。」 
後來登基，他厭惡的盯著她，「若不是祖宗規矩，這皇后之位，斷不能落到你名上。」
她言笑晏晏，「謝皇上施捨，只是臣妾這人一向霸道，屬於自己的東西，寧願礙眼的佔著，也絕不退讓。」
後來兩兩生厭，她退位讓賢，他卻步步緊逼，「這皇后之位，朕既然給了你，就……」"
牛家有個大魔王,卉柯,愛情,完結,10,吾里文化,BG愛情,,,,,https://mojoin.com/novels/13,"一朝穿越，穿越到同名的人身上，在師傅的指引下，展開了一段尋找自家大院的武俠生活。途中發生意外事件，對自己最好的師兄死去，師傅也突然消失，徬徨無措，孤獨無助的時候才發現只有那人還在身邊。
接下來的路有我陪你，你願做魔王，我便陪你入魔，傷害你的人，我替你一一討伐，由我來守護你的那一份開心。
直到撥開所有的迷霧，才發現真相的背後居然是一場巨大的陰謀，那些開心的歲月不在，無論江湖有怎麼樣的血雨腥風，牛寶都會走下去。"
妾本無良，夫君見諒,程小樹,愛情,完結,0,吾里文化,BG愛情,,,,,https://mojoin.com/novels/11,"一場陰謀，令玖兒的靈魂穿越而來。
那一世，她曾被冠上「浪女」的頭銜，可謂聲名狼藉。
誰成想，這一世她變本加厲，竟然實打實地出軌小叔子。
不只如此，她還一度成為身價最高的青樓頭牌。
就是這麼個劣跡斑斑的無良女，引得男人們爭相施寵。"
入骨婚愛：秦少寵妻如命,貓梓,愛情,完結,0,吾里文化,BG愛情,,,,,https://mojoin.com/novels/994,"婚禮上，葉璇被白月光陷害，婚禮當天被丈夫罰跪在靈堂給哥哥贖罪。
連腹中胎兒都被受到牽連！拼命解釋卻被丈夫親手送進監獄！
監獄假死後，葉璇強勢歸來！
誓要將曾經傷害過她的人付出代價！
一次設計，偶遇前夫。
男人卻再不肯放她離開：「往後餘生，用愛補償你，不准你再離開。」"
我在雨霧裡，等風也等你,瀟冉,愛情,完結,0,吾里文化,BG愛情,,,,,https://mojoin.com/novels/989,"宋顏為了給男朋友治病當了代孕媽媽，不曾想孩子早產，主家以孩子早產不健康為由想毀約，宋顏抱著孩子直接找到對方。
對方竟是她的頂頭上司沈長卿，沈長卿一直是寵妻無度的楷模，撒的狗糧不知虐了多少單身汪。
一朝事發，宋顏成了萬人所指的小三，生活一下子陷入了困境，直到他走近，輕輕將她帶入懷裡，「我孩子的媽，你們誰敢嘲笑……」"
一染慕傾心,貓小北,愛情,完結,0,吾里文化,BG愛情,,,,,https://mojoin.com/novels/870,"陸安染怎麼也沒想過，酒吧里偶遇的男人，竟然是第二天父親帶回家的「私生子」。
「安染，叫哥哥。」
那一刻，她慌了神，在那人輕抿的薄唇之間，落荒而逃。
以為能離開他，卻成了她無法忘記的噩夢。
他在她真心愛上不顧一切時，棄她在無邊的黑暗中——
「陸安染，你很髒。」
多年後他的婚禮，她盛裝出席，笑靨如花：
「我名義上的哥哥，新婚快樂。」"
愛比死更冷,錦七七,愛情,完結,0,吾里文化,BG愛情,,,,,https://mojoin.com/novels/577,"一場被人精心策劃的胎死腹中
絕了他對我的愛
我步步為營，以自己為餌，借另一個男人之手狠狠報復他，算計他
當一切愛恨落幕，才發現，我和他都是深陷在情愛地獄的可憐人"
海深不抵相思半,雞肉捲捲捲,愛情,完結,0,吾里文化,BG愛情,,,,,https://mojoin.com/novels/572,"屢次被算計差點出事都是被他所救
紳士體貼
林安安以為顧朗是溫柔的學長
卻不料
在她又一次被陷害時
「怎麼？那麼想讓男人陪？那……陪我如何？」
啊啊啊「學長，你人設崩了餵！」
好不容易消化了「我跟優秀的腹黑學長在一起了耶」這個現狀
卻發現……
說好的優秀腹黑學長呢？！"
和顧先生一起墜入愛河,蟬鳴半夏,愛情,完結,70,吾里文化,BG愛情,,,,,https://mojoin.com/novels/566,"「顧學長，我喜歡你。」
「我不喜歡包子臉。」

……
表白失敗，父親鋃鐺入獄的消息緊接傳來。
路微深突然被寧城最神秘詭譎的男人厲封擎盯上，生活從此天翻地覆。"
一品太子妃：拐個上神做夫君,蘇晴川,愛情,完結,0,吾里文化,BG愛情,,,,,https://mojoin.com/novels/554,"她原本是九天之上的上古神獸，看守天牢中的四大邪劍。
玩忽職守，讓其中一個邪劍跑下凡間。
天帝大怒，罰她下界帶回邪劍，不然就削了她的仙根，讓她轉世輪迴只能是妖孽。
她自知理虧，認命下凡間，可是誰知道天帝那麼小氣，在她下凡的時候，居然用天雷劈她！
差點劈的魂飛魄散，半身不遂！
小心眼的天帝，這仇本尊記下了。
剛到凡間，飯都沒有吃一口，她就被一個男人抓走，口口聲聲嚷著說她是他娘子。"
一顆糖的沉淪,麵團包銀圓,愛情,完結,0,吾里文化,BG愛情,,,,,https://mojoin.com/novels/547,"姜半夏最大的願望是還清父母遺留下巨額欠款，並離開她從小就喜歡卻求而不得而且還馬上要和別人結婚的男人。
可她怎麼也沒想到，她主動退出了，沈肆行卻不干了。
她穿著暴露的去赴宴金主爸爸，被沈肆行給抓了回來。
她因為得罪了上司被冷藏所以要去非常偏遠的地方錄綜藝，沈肆行不但突然出現了，還在她被人陷害推下山崖的時候來救了她。
雖然嘴上罵她蠢，但卻會主動背起她並且在醫院的時候細心的讓醫生給她做全身檢查。
甚至後來還不計較姜半夏那個傻子哥哥叫他「阿夏男朋友」不說，還出巨資包下游樂場幫她度過姜半夏一直的心魔。"
梟寵豪門主母,錦七七,愛情,完結,0,吾里文化,BG愛情,,,,,https://mojoin.com/novels/513,"愛是一種遇見，卻無法預見
她是他傾心駐足的風景，他亦是她心口的硃砂
相思浸染的輕淺時光，他帶她穿越青春迷茫的火線，陷入情愛深潭
究竟誰的身和心——最先臣服？
——
她是海家沒人疼的落魄長女
「落魄」？啊呸，別以為給扣個「灰姑娘」的帽子，姑娘我就逆來順受，任人宰割！
他是君家被剝奪繼承權的長子
「剝奪繼承權」？呵呵，他只想冷笑三聲！"
依戀莫相忘,蘇裳,愛情,完結,0,吾里文化,BG愛情,,,,,https://mojoin.com/novels/512,"愛上她只需要一秒。
他甘之如飴，相伴相守。

如果相愛是終點。
她只要站在原地等，即使狂風驟雨，他也能乘風破浪。

愛上他並不是一件容易的事。
她躊躇難決，屢屢膽怯，心卻步步淪陷。

如果相愛是他們的緣。
他就是她的毒藥，即使含笑吞下，她也無怨無悔。

直到那天，她身披婚紗，萬眾矚目，他卻沒有出現。
原來，忘記她也只需要一秒。"
故夢,聽說南方,愛情,完結,0,吾里文化,BG愛情,,,,,https://mojoin.com/novels/406,"一簾幽夢一雙人，胡世安自從出現在許織錦世界，許織錦就從沒有想過會與這個人糾纏。
他一向是溫文爾雅，風朗雲清。
而她是妖媚的女子，他知道她的野心，她亦是，旗鼓相當，各不讓步。
她是被母親棄下的孩子，任何一個人都可以欺負她，為了所謂的尊嚴，她一步一步變得強大，當能力配不上野心，當野心遇到阻礙，她如何與他周旋？又如何在其中失了真心？
當許織錦的身世被揭露，她又該何去何從？"
相愛恨晚時,蘇聽雨,愛情,完結,0,吾里文化,BG愛情,,,,,https://mojoin.com/novels/395,"飛機上的那次邂逅，是虞嫣然噩夢的開始。
她被那個勢力強大的男人死死糾纏，無法掙脫，最後為了解救家人，被迫簽下一百夜的約定。
她以為兩人的交集僅限於此，漸漸地，卻在他極致的寵愛中迷失。
直到，她偶然得知，五年前的一場意外，以及未婚夫的鋃鐺入獄都是拜他所賜……。"
暴蛇寵妻，搶來的新娘,鏡無影,愛情,完結,0,吾里文化,BG愛情,,,,,https://mojoin.com/novels/190,"她是赤血堡堡主的替身侍妾，揚州第一「痴美人」。
新婚夜，蟒蛇入侵，惱的堡主狂性大躁，撇下她獨守新房。
溫存夜，蟒蛇纏人，攪的堡主性趣全無，一甩衣袖棄她不顧。
休妻夜，蟒蛇未到，倒有個二八年華，眉眸傳情，俊美無暇的少年登門道賀，開口便一句暴躁的破口大罵：「你他娘的死定了！」
想知道養一條「暴蛇寵物」的代價嗎？
他有多暴？
他有多危險？
他到底有多恐怖？
其實，很簡單：命大的，趕緊得罪得罪看！"
安然向晚,錦七七,愛情,完結,0,吾里文化,BG愛情,,,,,https://mojoin.com/novels/161,"五年前的一場陰差陽錯使她與他在一起
後來，她才發現他的心中另有其人
她斬斷情絲，遠走異國五年後她帶著小包子捲土重來，與他在生意場上相愛相殺，他再度開啓自己的追妻之旅——
「還嘴硬——」他鳳目微揚把她抵在地毯上，
「愛我，不承認？」她心中堆砌的堡壘頃刻被他的柔情夷爲平地，對他的恨已然灰飛煙滅。
「五年前我算什麽？你的初戀替身？」"
山有木兮，我有你,歐果,愛情,完結,0,吾里文化,BG愛情,,,,,https://mojoin.com/novels/1093,"第一次看見慕允山的時候，陳左左是被未婚夫拋棄在山上，她沒有看清楚他的樣子。
第二次看見慕允山的時候，陳左左在醫院裡面，看見的，僅僅是一個背影。
第三次在舞會上面，陳左左沒能認出這個男人來，卻是被未婚夫從台上推下，讓她成為了全市的笑柄。

後來，慕允山牽著陳左左的手將那男人踩在腳下的時候，是慕允山給自己最大的寵愛。
但是這樣的寵愛，卻要陳左左用盡一輩子的時間，去讀懂。

慕允山，山有木兮木有枝，而我，有你。"
王妃是惡霸,琳聽,愛情,完結,0,吾里文化,BG愛情,,,,,https://mojoin.com/novels/1079,"楊太傅家的嫡親孫女楊福安，論家世相貌是拔尖的，才學女紅是墊底的。
好逸惡勞，胸無點墨，真是辱沒了楊太傅的天下聖儒之名。
最讓南玄人津津樂道的是，楊福安十四歲那年回府，一腳踢斷楊府二房庶出少爺的腿骨，一手撕破禮部侍郎小姐的衣袍，太子殿下賀君易她也敢得罪得罪……
自此，流言蜚語不絕於耳，成就了楊福安南玄第一悍的威名。
可就是這個污點人物承蒙皇上錯愛，南玄千萬少女又愛又恨的嘉碩王妃頭銜安在了楊福安身上，還特許楊福安膝下承歡兩年後再成親。
不過南玄人私底下議論紛紛，這次賜婚是太子替嘉碩王爺求來的。
這招絕妙，太子與王爺素來不和，楊福安雖有悍婦之名但是和北冀質子周旭澤走得挺……"
大佬你的馬甲又掉了,蕭瑟,愛情,完結,1,吾里文化,BG愛情,,,,,https://mojoin.com/novels/1070,"【爽文+馬甲+甜文+重生+復仇+虐渣打臉+團寵】

豪門成家出了一樁笑話！養了十幾年的女兒竟然不是自己親生的！！
親女兒歸位，所有人都想看這個鄉下野丫頭的笑話。
重生過來的夏寧也不失所望……
不學無術，土里土氣，都是夏寧的代名詞。
大哥：「沒關係，學習不好來哥哥公司當個總經理！」
二哥：「寧寧，來娛樂圈哥哥讓你成為影后！」
直到有一天，她的馬甲被這個高貴矜持的男人扒的皮都不剩！
隱世神醫？樂壇大家？電競大神？電腦黑客ken……
眾人的臉被打的啪啪響，大佬求手下留情。
……
這個罪魁禍首還眉眼含笑的看著夏寧。"
殺手王妃不好惹,燈下細雨,愛情,完結,0,吾里文化,BG愛情,,,,,https://mojoin.com/novels/1038,"她是殺手界中最出色的殺手，凌厲行事，我行我素。
他是蒼穹國最絕色的王爺，放蕩不羈，冷戾妖冶。
……
時空錯轉，一朝醒來，竟附身在一名「男子」身上，對鏡梳妝，解開三千青絲，才知竟是一名女扮男裝的可憐兒。
誰說女子不如男？
老太君的宴會上，一場突如其來的衝突，使得宴會變為武斗場。
當她戰敗所有的挑戰者，拋玉冠，解青絲，望著座上驚訝失色的老太君，冷冷地說：「我葉清塵便是女兒身，說再說女子不如男，便試一試我手中的劍！」
眾人震驚萬分，只有貴賓席上的一名妖冶男子，拍著手站了起來。"
調戲之道，親親抱抱舉高高,團子喵,愛情,完結,0,吾里文化,BG愛情,,,,,https://mojoin.com/novels/1008,"明稚凡表示自己再也不相信電視小說裡面的劇情了。
為毛別人穿越都是各種開掛各種主角光環圍繞，不是公主就是千金閣主的，再不濟也是守著一片農田發家致富抱得美男歸，她呢！
她不僅因為靈魂互換變成了男兒身，還要看到那個男痞子嫌棄自己的身材！
最過分的是！她還要去追那個男痞子讓那個男痞子和她談戀愛！
你說她這到底造的是什麼孽？"
王爺，你家右相又失憶了,鄭十七,愛情,完結,0,吾里文化,BG愛情,,,,,https://mojoin.com/novels/1007,"身為被先帝委以重任的右相，簡奕瀾覺得壓力很大，不僅要隱藏好自己其實是個女人的秘密，還要為大嵐朝任勞任怨。
這樣也就罷了，可是為什麼秦王卻總是纏著？
被秦王祁清岑摟住小蠻腰的簡奕瀾驚恐喊道，「王爺，請自重！」
祁清岑蹙眉一嘆，「怎麼？失憶症又犯了？算了，本王幫你回憶回憶！」
「唔。」祁清岑堵住簡奕瀾的嘴唇，輾轉廝磨。
「想起來了嗎」
簡奕瀾砸吧砸吧嘴，「好像有點印象。」"
恰似你的溫柔,獨白的小瑪麗,愛情,完結,0,吾里文化,BG愛情,,,,,https://mojoin.com/novels/1006,"展凝曾經是南仲謙萬里挑一的寵愛。
一場變故，十六年杳無音訊，她痛失雙親。
十六年後，她陰差陽錯進了他的公司，他醉酒把她拉到了床上。
那是一場能控制的醉酒，可是他偏不加克制，於是，他看似迷迷糊糊，她則是真的半推半就。
她對他公開的評價是「他不行！」
他不行？誰行？那個人？
公司線上活動，她偷偷點評：「極不正經，希望以後能夠收斂自己的行為。」
呵，不正經嗎？
那就身體力行，讓她知道什麼是不正經！"
愛是墳墓裡的再生花,歐果,愛情,完結,0,吾里文化,BG愛情,,,,,https://mojoin.com/novels/982,"常小雨後來最後悔的事情，是在自己最好的年級裡嫁給了傅司其。
後來最慶幸的事情，也是自己後來，嫁給了傅司其。

再後來，她的女兒傅念雨跟自己的男朋友說：「我媽這輩子最不應該做的事情，就是嫁給了我爸。我媽很好，我爸也很好，他們錯的事情，是沒有在對的時間裡面，遇見了彼此。」
都說婚姻是愛情的墳墓，而常小雨的愛情，就是在墳墓裡面，再生的花。"
遁逃的愛,遁逃的魚,愛情,完結,10,吾里文化,BG愛情,,,,,https://mojoin.com/novels/968,"據說，林子驍從小就自選自養了一個童養媳。
他禁錮了她的身體，卻彷彿永遠也得不到她的心。
他身邊出現欽定的未婚妻，她轉身就帶球逃跑。
他發瘋一樣尋找，掘地三尺將她逮回來。
她哭著說，你都娶了別人，為什麼還要我回來。
他說，你不會介意，因為你根本就不愛我。"
一幕傾心,蝸牛夢夢,愛情,完結,0,吾里文化,BG愛情,,,,,https://mojoin.com/novels/967,"遭男友背叛，遭表姐傷害，就連自己的親爹也娶了自己最好的朋友？
沅蔓覺得這個世界玄幻了……
然而更加玄幻的是，傳說中沉浮在商業帝國、不沾女色的顧少竟然黏上了她！"
冷王有妃是二貨,舞落葉,愛情,完結,0,吾里文化,BG愛情,,,,,https://mojoin.com/novels/959,"冷王追妻路漫漫，二貨王妃修遠兮
錯上花轎，沒嫁對郎。

在二貨王妃想逃婚的一瞬間，被冷王盯上。
王爺：王妃太二，丟人。

說完直接扛回去
從此夜夜笙歌，冷王府閉門謝客。
可鄉間市裡常常傳出，二貨王妃出走記……"
萌寶推銷：我家爹地9塊9包郵,塗頂,愛情,完結,0,吾里文化,BG愛情,,,,,https://mojoin.com/novels/937,"一場車禍，讓她丟失了三年的記憶，而她不知道這三年對她意味著什麼。
直到他又重新進入到了她的生活。可這個多出來的小孩是誰？
小孩：「媽咪！」 
某女：「叫誰媽咪呢，我可還是黃花大閨女呢！」
總裁：「……」"
重生豪門：總裁的名流嬌妻,落花灼,愛情,完結,651,吾里文化,BG愛情,,,,,https://mojoin.com/novels/936,"A市的人都說，葉夏伊是個不簡單的女人，從一堆豪門千金中脫穎而出，成了蕭煜宸的未婚妻，被他如珠如寶的呵護，愛愈性命。
但他們也說，她是個不檢點的女人。
她和納蘭家的少主曖昧至極，夜夜留宿；
還和未來的妹夫不清不楚，引得家宅不寧。
蕭煜宸對這一切充耳不聞，溫情如許：夏伊，嫁給我做我的妻子。
可他們都不知道，她不是葉夏伊，她只是一抹附體的孤魂。
當訂婚宴上一片狼藉，她的家族大禍臨頭，那個男人筆直的站在那裡，唇角的笑"
吾念若初,程小樹,愛情,完結,43,吾里文化,BG愛情,,,,,https://mojoin.com/novels/928,"整個暉城無人不曉，她是凌伯年從外面帶回來的野種。
在凌家大宅，明槍暗箭四處襲來，陰險毒辣比比皆是。
她以為凡事總有例外，或許狼窩裡出來的未必都是陰鷙之類。
誰知，某人千方百計想把她從野貓馴化成家寵，竟是居心叵測。
可是別忘了，她骨子裡的野性是與生俱來的。
欲入她身心者，財力、勢力、耐力、魅力、持久力，一樣不可少。
終於有一天，「五力」男人唇角噙笑將她鎖於身下，「我有錢有勢，有耐心有顏值，至於持久力，得由你親身嘗試。」
她淺笑著用指尖抵住他將要沉下的唇，「作為調香師，我對男人氣味的要求已經高過了一切！」"
愛是一顆幸福的子彈,雲上錦書,愛情,完結,0,吾里文化,BG愛情,,,,,https://mojoin.com/novels/922,"我曾經有一段刻骨難忘的婚姻。
那一年，我將暗戀變成明戀，以為就此痴癡纏纏一輩子；
不料一朝從天堂跌落地獄，他追隨他的真愛棄我而去，留給我一段痛徹心扉傷痕累累的過往。
幾經兜轉故人重逢，我穿梭於商海沉浮的酒肉森林，卻被他以非他不可的謊言迷惑。
原來愛是一顆幸福的子彈，我情願穿腸破肚，至死方休。

（結局HE，甜虐交替，歡迎入坑！）"
農門嬌妻：我家夫人超甜噠,琴倚墨,愛情,完結,0,吾里文化,BG愛情,,,,,https://mojoin.com/novels/913,"「二嫂弄壞了我新打的珠花！」
看了一眼哭兮兮的小妹，於承鬆一拍腦袋：「該給娘子打套新頭面了！」
「老二！全家人這麼一大盆衣服，你媳婦只洗你倆的什麼意思？這眼裡還有我們嗎？」
於承松眉頭緊皺：「她洗衣服了？都說了這些粗活我做就行，怎麼這麼不聽話！」"
醫網情森，跋扈總裁溫柔心,程小樹,愛情,完結,7,吾里文化,BG愛情,,,,,https://mojoin.com/novels/911,"寒城上流圈子裡有一個公開的秘密，——鼎鼎大名的池氏集團掌舵人池禹森嗜好異禀，不僅喜歡「吃獨食」，而且還男女通殺。
更為奇葩的是，他對女人從來都是只玩不親。

因為潔癖？還是玩純情？反正沒有答案。

可是，要怎麼解釋他把她從泳池裡撈出來之後於眾目睽睽之下狼吻一通呢？
他甚至還當著未婚妻的面把她給吻暈了……，對，吻、暈、了！
前一秒把人罵得狗血淋頭，後一秒摟懷裡一頓熱吻，這是基因突變引發了狼性還是他本來就精神有病？
她可沒心情作研究，父親生前的夙願和壓在她心頭多年的仇恨是她活下去的動力，早點離開他才能好好去做那兩件事。"
情深噬骨,寧鳶,愛情,完結,0,吾里文化,BG愛情,,,,,https://mojoin.com/novels/897,"「跟我結婚，一年為期。」容曦作為首富千金，成功逼婚商場新貴莫辰擎。
男人徐徐吐出煙圈，眸意深深，「容曦，你會後悔。」
璃城口口相傳，他們是門當戶對，無愛聯姻。
莫先生卻在婚後對她寵溺繾綣，「曦兒……」
容曦揚起下巴，理所應當，「叫我也沒用，你今晚睡地板。」
男人都點頭答應，可半夜又偷偷爬上她的床。
坊間傳聞，莫先生與莫太太感情甚好，如膠似漆。
彼時，莫先生卻一個人喃喃自嘲，「你是打算拋夫棄子嗎？」"
緣深緣淺，若如初見,橘子可妃,愛情,完結,0,吾里文化,BG愛情,,,,,https://mojoin.com/novels/616,"結婚時，她和他立法三章——
不許管她不准碰。
卻不想，婚後的一個晚上，她喝醉酒……
從此後，生活發生了翻天覆地的變化。
……
「投懷送抱？」"
今夜情未眠,貓十七,愛情,完結,1,吾里文化,BG愛情,,,,,https://mojoin.com/novels/527,"在連城，人人都知道林初予是宋家送給紀慕川的禮物。
可他們不知道，終有一日，這個被人貶的一文不值的禮物，竟也成了紀慕川心中不可觸碰的禁地。
凡覬覦者，下場死！
————******————
18歲以前，林初予是宋家當成商品而培養的養女。
18歲生日時，林初予被宋家打包送到了紀家，從此瞎眼的紀慕川身後多了一條會說話狗。
23歲那年，林初予為愛而逃，卻被紀家打得半死不活架了回去。
從此林初予明白一個道理，這輩子她的生命裡只能有紀慕川這一個男人。"
棄女重生：琉璃世子妃,筱筱,愛情,完結,9,吾里文化,BG愛情,,,,,https://mojoin.com/novels/389,"前生，她身為細作，卻愛上了敵人首領助他成皇，最終，他黃袍加身，她卻被拔掉指甲，剜掉膝蓋骨，連同剛出世一月的幼子被活活燒死……
重生歸來，她化身蛇蠍，步步小心，曲意逢迎，只為終有一天將那些曾經將她做棋子的人捏在手中……
她掌括囂張跋扈的大姐姐，撕掉外表柔弱的二姐姐的面具，再將她狠狠踩在腳下，鬧翻了陌府，然後順便將兩位王爺踢下馬……"
一遇唐琰誤終身,蒼山月,愛情,完結,0,吾里文化,BG愛情,,,,,https://mojoin.com/novels/333,"渣男令她負債累累，更是步步緊逼，她滿心怨恨，盯上了小三的哥哥，那個豪門公子哥。
她刻意接近，以為可以掌控他，可一接觸才發現，他是最危險的男人。
他高傲冷然，腹黑涼薄，他說，「盛滄月，別在我的身上打主意。」
可在她走投無路、狼狽不堪的時候，他還是幫了她。
從她遇見唐琰的那一刻開始，便注定要被拉進豪門的刀光劍影裡，無數不懷好意的目光盯著他們。
她知道彼此只是互相利用，她見慣了他的無情，卻還是忍不住動了情。
他一路帶著她，讓她看遍這世界上最醜陋的黑暗以及最殘酷的人性，在她震驚的同時卻也變得更加堅強。終於有一天，他說，「滄月，自己保護好自己！」
「那你呢？」
「我可能沒有辦法保護你了。」"
那些年，有誰讓你不寂寞,路星,愛情,完結,0,吾里文化,BG愛情,,,,,https://mojoin.com/novels/317,"十歲，陸家私生子陸霆封認祖歸宗，在陸家老宅第一次見到夏家千金夏嫣然。
十五歲，他為她擋了一顆子彈，正中心口，命懸一線，她握著他的手哭得撕心裂肺。
十九歲，她說喜歡強大到可以把自己寵上天的男人，後來他成為了這樣的男人。
二十一歲，她一無所有，恨他入骨。
二十三歲，她笑顏如花，挽著他的胳膊甜膩膩的喚他：「二哥。」
二十六歲，她一刀刺進他心臟，和當年那顆子彈的位置重疊。
她滿臉恨意，聲線冰冷：「陸霆封，你去死吧。」
他握住刀刃，輕描淡寫：「你當真是一頭餵不熟的狼。」
只是夏嫣然，從此世間沒有他陸霆封，你該有多寂寞。"
南風吹過黎明時,路星,愛情,完結,0,吾里文化,BG愛情,,,,,https://mojoin.com/novels/265,"結婚兩月，丈夫帶著青梅竹馬的三兒登堂入室。
她委曲求全直到那女人懷著身孕在她面前耀武揚威，所有的隱忍終是換來一句：「我們離婚吧。」
沒了婚姻，一心撲到事業上，竟不小心名揚四海。
原本孤身一人，愛情的桃花卻悄然綻放。
「姜黎黎，我罩的。」男人張狂宣誓：「我喬南木的女人，你們誰敢動，我會讓你們明白什麼叫生不如死、悔恨終生！」

於是，鬥白蓮花，打綠茶婊！
他助她名揚四海光華萬丈；她陪他看遍良辰美景花開花落。
他幫她拭去眼角淚水，瀲灩的眸中閃動著霸道的寵溺之色，朝著她勾了勾手指：「女人，過來我寵你。」"
醫妃沖天，皇叔別來無恙,墨玲瓏,愛情,完結,1,吾里文化,BG愛情,,,,,https://mojoin.com/novels/251,"世人都知道方丞相長女方雪瑤愛戀太子端木澤，八年中她散盡金銀為了保他登上皇位。
他卻把她送去做軍妓，她才知自己只不過是他登上皇位的棋子而已。

她看清了一切，拉響了綁在身上的轟天雷，只想和他同歸於盡。
幸虧老天垂憐讓她重生十三歲，她還是那個方家跋扈的長女，還有那個她害死的皇叔依然活著。

這一世她不在被人利用，雙眸冷冽，她要復仇，為了自己可憐的母親還有病弱的弟弟，她帶著她們離開方家。
她早已看破紅塵只想瀟灑活一生，可是那個皇叔怎麼就對她霸道糾纏不休。
她怕死了他的纏，嫁給了當朝東廠太監都督，當蓋頭掀開的那一刻，她才知道皇……"
吾情似海，深不見底,劉淡淡。,愛情,完結,0,吾里文化,BG愛情,,,,,https://mojoin.com/novels/242,"【所有的恨，最後好像都化成了愛】
盛廷宴此生最恨的就是愛上了仇人的女兒。
週莞莞此生最恨的就是自己不在恨盛廷宴。

他折磨她，卻在這過程中丟了心
她恨他，千方百計的想逃他而去

他追來，而她身邊已有良人
於是，他不甘心，舊計重施
她譏諷他：……"
教主，你被拐了,若水亭,愛情,完結,0,吾里文化,BG愛情,,,,,https://mojoin.com/novels/1062,"紅衣黑袍的棲公子艷絕天下，卻在家門口拐走了自家教主？
這是何等匪夷所思的事情！
好在被「綁架」的記冷沒點被綁的意識？
屁顛屁顛的跟著、闖著、打著、鬧著……
於是這江湖上又多了個白衣灰袍的「小暖兒」！
「媳婦！告訴他們我是誰？」
抖抖眼皮子，記冷甚是淡定的來一句：「寒棲是我們記寒教的教主，永遠都是！」
棲公子卻是摟著記冷當著天下英雄的面一計長吻結束：「這是我媳婦！生生世世都是！」"
二婚嬌妻，總裁要革命,淺夕顏,愛情,完結,0,吾里文化,BG愛情,,,,,https://mojoin.com/novels/1048,"她不就因為應酬喝多了幾杯，卻碰到闊別半載的前夫，一場陰謀，陌生房間裡，陌生的男人讓她身心俱疲。
明明是她被誣陷紅杏出牆，卻又莫名成了別人的小三，在萬眾矚目下結束了有名無實的婚姻狼狽離開。
拐角處，那危險男人盯著她說：既然不想做小三，做我老婆好不好？

"
寧負天下不負卿,花落餘生,愛情,完結,0,吾里文化,BG愛情,,,,,https://mojoin.com/novels/886,"重生一世，她暗自發誓絕不重蹈覆轍。勢要負她之人，付出代價。
重生一世，她拋棄了原本的溫和單純，她丟棄了三從四德，她再不是哪個人善被欺的大姑娘！
人不犯我我不犯人，人若犯我我必還之。
她今生只想守護好自己至親之人，了卻餘生。
卻不曾想，一個意外，致使兩人命運緊緊相纏。

「柳卿，寧負天下不負我，你可能做到？」
「娘子，寧負天下不負卿！」"
傾城女相,欣木,愛情,完結,0,吾里文化,BG愛情,,,,,https://mojoin.com/novels/883,"亂世之中風雲湧動，朝堂之中陰謀不斷，沙場之上腥風血雨，人人都想成為這亂世雄主，人人都想統一天下，坐擁這錦繡河山！
她為自己逝去的愛人守護臨江。
他為天下能早日安定協助郢國。
她倔強從不服輸，他內斂不願表達，葉清綰曾質問她，是否認清過自己的真心？
她內疚自責，強迫告訴自己，大師兄是兄，她愛的就是彭初辭，腦海裡又浮現出少年滿含憤恨的言語：「這是亂倫，為天下所不容！」
這亂世能否有情？這蒼天可否仁慈一次？"
浮生傾盡一世歡,阿悅最帥,愛情,完結,0,吾里文化,BG愛情,,,,,https://mojoin.com/novels/882,"初初。
她是戰戰兢兢，朝不保夕的官家小姐。
他是肆意妄為，陰晴不定的天之驕子。

她跟他，是謫仙與鬼魅的對立，是奴隸與君王的臣服。
本不是一個世界的人，他卻硬要來招惹她，她自然是見招拆招，偏不避其鋒芒。
兩兩對峙間，不知是誰先遺了心，失了情。

於是，他眸光寵溺：「那日桃林一見鍾情，後來大殿再見傾心。」
她冰冷的語氣中滿是譏諷與嗤笑：「一見鍾情，還是見色起意。」
她避之不及，倉皇逃竄，他寸步不讓，步步緊逼。
後來，她遭人設計，一夜迷離。"
豪門秘寵，陸先生深情難辜負,風落涼,愛情,完結,0,吾里文化,BG愛情,,,,,https://mojoin.com/novels/871,"陸諾桐十八歲那天，陸靖安闖進她的房間，以最強硬的姿態質問她：
「你有什麼資格嫁入紀家，在我眼前幸福？」

陸靖安想告訴陸諾桐，她的幸福，除了他，任何人都沒有資格給。
可是他們的愛情，終究上不得檯面……"
奈何君心亂,若有魚,愛情,完結,0,吾里文化,BG愛情,,,,,https://mojoin.com/novels/866,"她以天下為局，江山為註，下了一盤棋，本以為自己是執子之人，卻不料成了局中棋子。
她堅信活下去就有希望，所以她披荊斬棘，無所畏懼。
他曾以為只要心懷仁厚，便可兼濟天下，最後卻被至親所累，從雲端跌入泥濘。
捲土重來，他劍沖九霄，睥睨曾經的故人，笑容絕代。
「棄我去者，昨日之日不可留。」

世人皆道，她是丞相貴女，未來的太子妃，滔天富貴、累世榮華皆可預見，卻偏偏不知廉恥，逃婚抗旨，自奔為眷。
太子蘇易點頭贊同，陳氏阿蓉詭詰奸詐，最是善於利用別人的真心，進而棄若……"
一念念此生,東籬黃昏,愛情,完結,0,吾里文化,BG愛情,,,,,https://mojoin.com/novels/856,"陸驍討厭唐婉心路人皆知，在他眼裡，唐婉心出軌他人、氣死母親、傷害他心頭的白月光，可恨至極！

所以他散了她的家業、毀了她的希望、覆滅了她所有的深情。
終於，她醒悟了。
百無一用是深情，更何況是錯付的深情。
從此她左有云城第一大家族秦氏的保駕護航，右有第一影帝裴燦殷勤獻花，事業一路開掛。
可此時，陸驍卻坐不住了。
他說，他有一個深藏的秘密……"
蜜愛百分百：賀少，求你別寵我,桃桃紅柚,愛情,完結,10,吾里文化,BG愛情,,,,,https://mojoin.com/novels/855,"相戀多年的男友，一邊拿著她辛苦錢揮霍，一邊和別的女人卿卿我我。
當蘇晴從出租屋裡出來，心已經徹底死去。
她傷心欲絕，走在大街上，卻惹上惡魔少爺。

婚前。
流量小生賀昭和三無女蘇晴傳緋聞。
賀男神千里探班，被三無女拒之門外。

婚後。
賀昭和其他女星傳緋聞，假戲真做。
小助理八卦道：「晴姐，昭哥和別人組你真的不在乎？」
冷漠無情的蘇小晴說：「我們形婚，莫得感情的。」"
情劫,長夜,愛情,完結,0,吾里文化,BG愛情,,,,,https://mojoin.com/novels/851,"被繼母算計，靜歌眼上了景城最有名男人傅言深。
傳聞這個男人，生性嗜殘，不近女色。
但是在靜歌眼裡，他就是個不要臉的男人。
第一次見面，這個男人就將她壓在欄杆上，手指輕輕地摩挲著她的唇，問道：「小野貓，成年了嗎？」
為了明哲保身，她選擇撒謊。
於是在第二天就被逮個正著。

「昨天欠了，今天一併補上。」"
誰都不是你,玲瓏格,愛情,完結,0,吾里文化,BG愛情,,,,,https://mojoin.com/novels/849,"凌禕城慢條斯理解著襯衫的鈕扣：「今晚，我允許你提一個問題。」
歐瓷想了想：「如果我不是第一次，你會不會在意？」
凌禕城挑了眉梢：「我以為你會問一夜能有幾次。」
歐瓷：「……」"
一品毒妃,浣曦,愛情,完結,0,吾里文化,BG愛情,,,,,https://mojoin.com/novels/847,"王爺虐我千百遍，我帶王爺如初戀！

「王妃今日想鬧哪出？」
某王爺坐在床邊，滿臉寫著生人勿進，違者斬殺！

「找你切磋切磋，交流技術。」
唐且歌一本正經，躍躍欲試，滿臉期待！"
女人不過三十,星雲,愛情,完結,0,吾里文化,BG愛情,,,,,https://mojoin.com/novels/837,"30剛出頭的蘇悅，雖然生活一地雞毛，可她毫無怨言的接受著。
若不是老公出軌，被迫離婚，她想一直自欺欺人過下去。
從一地雞毛的婚姻圍牆中走出，站在人生的十字路口，她徬徨、無助、沮喪、失落、絕望，一度陷入悲憫之中。
而林峰的出現，林峰的溫暖，林峰的呵護，讓她重燃愛的渴望。
當她鼓起勇氣準備接受林峰的愛時，鋪天蓋地的負面新聞圍攻林峰的人品和作風問題，看著紀委帶走林峰，蘇悅慌亂了，一向懦弱的她，應該怎麼辦？
怎麼救這個曾經把她拉出火坑的男人？"
楠得情深,夜天,愛情,完結,0,吾里文化,BG愛情,,,,,https://mojoin.com/novels/833,"整個荊市，除了莫家人，沒有任何人知道莫凜楠的心中有個心頭寶。
而她，古靈精怪的出現在宴會場上，不僅想方設法的想要去勾搭他，還給他留下了極其深刻的印象。
她陷害他不成，反而特別高調的對他說：「莫凜楠，我喜歡你，既然我把我的初吻都獻給你，你就得當我的男人！」
莫凜楠目光深沉的看著她：「看你有沒有那個本事了！」"
步步驚情，總裁夫人又鬧了,洛千華,愛情,完結,0,吾里文化,BG愛情,,,,,https://mojoin.com/novels/831,"「安安啊，不是姑姑乘人之危，雖然你是你姐姐遺囑的繼承人，但你年紀這麼小，這顧氏交給你，怕是會斷了老祖宗留下的基業。」
這是姐姐留給她的顧氏，她一定要守護！"
我醉了，你隨意！,玲瓏格,愛情,完結,12,吾里文化,BG愛情,,,,,https://mojoin.com/novels/828,"蘭城，人人都想攀上傅少辰這尊神。
但，雲璟不想。
可事實上。
她卻被人強行冠上傅太太的名諱。
雲璟怒了"
一城煙雨,斜月簾櫳,愛情,完結,0,吾里文化,BG愛情,,,,,https://mojoin.com/novels/806,"夜。

房間門砰的一聲被撞開！
秦嵐煙悚然看向門口！

原以為自己已經百毒不侵，但是在看清門口的人時，秦嵐煙一顆心還是被撕裂得血肉模糊！
男人醉醺醺往裡走，腳步不穩，秦嵐煙幾步上去，用手扶住了他。
「城珏，你又喝酒了？」"
雲端的格桑花,張氏雅歌,愛情,完結,0,吾里文化,BG愛情,,,,,https://mojoin.com/novels/801,"「我從始至終最在意的便是你。」
三軍帳前，他權謀盈盈在握。

恍然如隔世……
一朵格桑花，一段迷迭香。
你曾說過今生今世，休想從我身邊逃走。"
謀妃拒再嫁,枕月,愛情,完結,0,吾里文化,BG愛情,,,,,https://mojoin.com/novels/800,"她穿越了，亂世中成了一個亡國公主，前有陰謀，後有追兵，為了安身立命化身細作，披紅妝，千里和親。
「我利用你是真的，可我愛你也是真的。」他站在大殿之上，俯視著她。
她冷笑，輕抬眉眼「你若問我心中所想，只願將你挫骨揚灰。」
大婚之夜，他用力的掐住她的脖頸「可知本王為何娶你？」
她嗤笑「你娶，為一座城池，我嫁，為你半壁江山。」
和親不但沒有改變命格，相反讓她捲入一場后宮爭鬥。
一日他大醉，將她狠狠緊固在懷中「夙兒，你怎知本王的心，你不知，寧願我害你，好過讓別人來害你。」他呼出來的氣暖著她冰涼的肩。
「陛下，夜已深，該回王后寢宮了。」她冷言，將他推離，卻不曾抬頭看他"
餘情未暖,青鏡梔子,愛情,完結,0,吾里文化,BG愛情,,,,,https://mojoin.com/novels/799,"她是他哥哥的未婚妻，卻被迫成為他的女人。
「暖暖，那個孩子是你們的私生子嗎？」他問她。
他疼她寵她保護她，寵得無法無天。
白暖知道，沈耀白的心情只分開心和不開心，而不管他開心不開心，都喜歡找她。
終於有一天，她難以承受一切選擇逃跑，他斷掉她所有的退路。"
一地相思無盡處,景慕輕塵,愛情,完結,0,吾里文化,BG愛情,,,,,https://mojoin.com/novels/794,"漠漠輕寒上小樓，淡煙流水畫屏幽。一城朱白飛散去，笛音淚祭血魂塚。
許多年之後，靈幽的眸底，最後凝凍的便是與那少年墨發纏飛的妖嬈而悲傷的，這鋪天蓋地的朱白，如雲似霧，風飄而散。

四年之後，她從遙遠的玉冥雪山奔赴而來，帶著前世今生的滅魂之咒，誓言洗盡地底之下，千萬森然白骨生前恥辱。
她帶著一身殘破，困於幽暗，寄賣了自己的靈魂，才終於得以再一次站在他面前，甜甜喊他一聲「輕寒哥哥……」

一花一蝶，滅盡惡人邪魔。
七血三淚，救贖癡人怨靈。
這一場殺劫，血淚浸染，潮濕了誰的宿命？"
芥命,梨花微雕,愛情,完結,0,吾里文化,BG愛情,,,,,https://mojoin.com/novels/775,"曾有一狸貓，狸貓十二尾，一尾是一命，命喪斷一尾，取命補一尾。
狸貓通靈，可穿梭陰陽，也可觀測前世，完成每任主人轉世之願，取其魂補己尾。
今日有一僧，戒嗔戒怒難戒色，傷妖傷心又傷魂，曾金珠封妖，現為妖入塵。
佛前懺悔，金針刺魂，世世獨白首。"
夫人，倫家是你的小棉襖,披袖,愛情,完結,0,吾里文化,BG愛情,,,,,https://mojoin.com/novels/770,"懷著經商夢，一朝醒來，竟穿越成唐家庶女；
父親不喜，後母刁難，祖母冷淡，名門宅院鬥爭多；
接她回府，原來是為了讓她代替嫡姐，嫁給病怏世子；
在這異界，且看她如何鬥姨娘、打小三；
白手起家，帶著隨身空間，踏上奮鬥之路。"
久念不忘，終有迴響,鹿何往,愛情,完結,0,吾里文化,BG愛情,,,,,https://mojoin.com/novels/750,"十年前的他，彎下腰摸著她小小的腦袋溫柔的笑著說：小傻瓜，不許哭，我陪你玩。
十年後的他，肅冷倨傲，對著身下泣下沾襟的她蠱惑般地說：不要叫我哥！

他可以成為不擇手段的黑幫少主，可以成為生意場上一手遮天的王權富貴，可以眼手通天的玩弄手段，可以毫不猶豫的取人性命於不顧。
而對她，卻軟了心。

八歲的她天真爛漫，對著緩緩上升的孔明燈許願：願不要分離。
十八歲的她眼波流轉，柔弱無骨的手抵住他的喉：哥，你喜歡我嗎？
他以唇舌相纏作答。
當他摟住她傷痕累累的身體，嗜血的眼眸淌著萬般柔情：傻瓜，我愛了你十年。

作者"
刁妃有喜：冷魅狼王的罪寵,淩美,愛情,完結,0,吾里文化,BG愛情,,,,,https://mojoin.com/novels/730,"全天下都在傳說，新一任的瀾雲谷谷主，是姜氏家族不世出的音律奇才。

咦？怎麼本尊跟傳說中的不太一樣？
誰能想到，這個看似冒牌的瀾雲姑，就是從另一個世界穿越而來的。
然而「狼王」陶白楊卻一直視她如珍寶，不惜為這個不太符合身份甚至有些刁蠻的王妃背負全族人的責怪。

為什麼就不能好好相愛？
總是要經歷戰火紛飛，總是要眼看人來人往。昔日好友反目成仇，卻還是能重歸於好，已是不易。
至於那些無謂真假的罪孽，還是抵不過他的寵愛。"
穿越之拯救女主行動,常百憶,愛情,完結,0,吾里文化,BG愛情,,,,,https://mojoin.com/novels/679,"不要9998，不要998，不要98！極品花魁免費倒貼還包郵喲親！！！你真的要拒絕嗎？
萬年死宅蘇唯沒想到自己出一次門就遇上了墜機，醒來後發現竟然穿到了自己的小說女主身上。可是——這是個悲劇小說啊！
蘇唯現在真想穿回到正在電腦前寫文的自己面前，狠狠地抽她——叫你丫寫虐文！叫你丫虐女主！叫你丫BE結尾！
玩脫了吧，活該！"
只願君心似我心,森林野生小石榴子,愛情,完結,0,吾里文化,BG愛情,,,,,https://mojoin.com/novels/675,"她得他一顆心臟，從墓中甦醒，助他步步登頂。
他卻終是娶了那個真正放在心尖上的人。
而她，卻被囚禁於黃金獸籠，日日剜心，去一碗心頭血。

縱然被千刀萬剮、火海地獄；
縱然被折磨取樂，嬰孩換命。
她愛他入骨，不怨亦不恨。

後來，他望著她沉屍的黑海，飲盡手中鉤吻酒：你不先去，怎知我相隨在後？
霜雪吹滿頭，也算是白首。"
九州密令之山河聘,寒山寺,愛情,完結,0,吾里文化,BG愛情,,,,,https://mojoin.com/novels/672,"安雪的師父在將獨孤樓交給她時曾說，身在江湖，就要對得起江湖。
然而，當安雪走進皇城，走進墨王府，與凌墨煜一起並肩九州時，她也只餘得滿腹自問——
所謂的江湖，所謂的道義，到底是什麼？

直到這一次，她和那個男人共同走向紛亂複雜的江湖，
她彷彿真的有機會明白，這江湖的水有多深，路有多難，
而這一次，她發誓，她要九州安樂！

哪怕九州大陸風起雲湧，也必將陪他勇往直前！"
愛你如癮難言,笑莫纖然,愛情,完結,9,吾里文化,BG愛情,,,,,https://mojoin.com/novels/664,"三年前，一場賭約，她將自己賠給了言晟軒。
愛過，恨過也背叛過。
夏以南始終都知道自己要什麼，卻唯獨不要言晟軒交付的真心。
當兩人都遍體鱗傷時，她轉身離去。
他找遍了所有能找的地方，都未能尋到她的踪影。
三年後，她搖身一變，從婚禮上將他劫走。
這一次，她很清楚自己要的到底是什麼。
她扯著他的領帶，往前一拉，挑釁的勾起一抹弧度。
另一隻手快速摟住他的脖子，附到耳畔輕聲說道：「遊戲重新開始。」
尾音微微勾起，充滿了誘惑的味道。"
亂世王妃,寒錦,愛情,完結,0,吾里文化,BG愛情,,,,,https://mojoin.com/novels/621,"安朝末年，朝野格局動盪不安，人心惶惶，民不聊生。
傳聞溫府有位庶子，才華橫溢。

卻因一次狩獵，被人暗傷，瞎了雙眼，從此再讀不了文書。
雲府雲沁，德才兼備，性情淑良。

卻因為家中姨娘陷害，毀了名聲，被丟棄在廢園中，鬱鬱而終。
現代社會中，與她同名的雲沁因一次失足掉入湖中，靈魂附在雲大小姐身上，才得以活下去。
兩人同是遭受陷害，是恨讓他們走到了一起，卻是愛，讓他們走下去。"
王妃耍心機,琳聽,愛情,完結,0,吾里文化,BG愛情,,,,,https://mojoin.com/novels/548,"他大爺的！他可是欹猷王朝金金貴貴的蕭王爺！為什麼他要苦命悲催到娶這樣一個女人！！
大哥的王妃賢良淑德，二哥的王妃聰慧可人，三哥的王妃調皮可愛，而他的王妃——
三從四德，不會。
穿針引線，不懂。
相夫教子，沒學。
他大爺的！父王母后他不要啦！三嫂教過他，婚姻自由！戀愛自由的啊！他又不是收破爛的，憑什麼這個「大齡剩女」要婚配給他這個風流倜儻、英俊迷人的王爺呀！
那個女人……哦，不！那個上官若璃動不動就和自己作對，況且他還打不過這個女人，娶了她，他這輩子都要屈服在她的淫威之下，那他的下半輩子要……"
王爺，你就從了我吧,喵喵cat,愛情,完結,0,吾里文化,BG愛情,,,,,https://mojoin.com/novels/444,"錢多多這輩子有無數的願望，第一是上了那個病弱王爺，第二就是不用聽老爹的嘮叨，第三就是成為寨主，第四就是……
司徒莫離這輩子有兩個願望，第一是治好自己的心疾，第二是奪嫡為王。
時來風這輩子只有一個願望，就是守護山寨。

有一種緣分叫做孽緣，錢多多不過就是和時來風賭氣，就招致了一個禍端，而這個禍端長得如斯好看，她賠上了心，還賠上了全寨幾百條人命。
她笑著，笑得風華絕代，紅纓槍迎風，血色漫漫，看著他胸口黑魆魆的洞口，她裂唇：「本大王無非就是看中了你的美貌，你不稀罕本大王，我就棄你如蔽履。」
時來風說，他的命屬於山寨，他的心屬於她錢多多，他將她護在懷中，替她抵擋"
正夫綱，王后在上,洛華,愛情,完結,0,吾里文化,BG愛情,,,,,https://mojoin.com/novels/439,"孫青筠從懶散的閨閣千金到一國王后，再到亡國之後，為的不過是同一個男人，那個從狼嘴裡將她搶回來的男人。
兩軍交戰，深陷囹圄，她拿著匕首當著眾人，狠心了斷了他的性命。
她說：「我殺了你，我們便兩不相欠了！」
從此，她成了許多人口中的狠毒女人，可以連眼睛也不眨就奪了日日癡纏在一起的男人性命。
芙蓉帳暖，床榻已溫，待君歸來！
她說：「謝謝你沒讓我成了夜夜盼君歸的可憐寡婦。」
大婚之夜！
他滿含濃情，只道「我既送了你一朵永開不敗的百合，自是要和你百年好合！」"
冥婚邪愛寵上天,兔姑姑,愛情,完結,7,吾里文化,BG愛情,,,,,https://mojoin.com/novels/381,"大學生白謹言在參加校游泳隊集訓中，突然溺水，卻在恍惚中被人欺負了。
日夜在夢中糾纏的鬼魅男子禾折，出現在她的面前，稱她為「妻」。
自此，陰魂厲鬼纏身，白謹言陷入各種靈異事件之中，可是這一切僅僅是她走向深淵的開始。
禾折甜蜜言語編織的牢籠，讓從小沒有親情的白謹言深陷泥沼。
可是另一個她的出現撕碎了白謹言的夢，讓曾經的情話成為了笑話，讓曾經……"
若是情深，怎會緣淺,景井,愛情,完結,0,吾里文化,BG愛情,,,,,https://mojoin.com/novels/351,"父親被抓，她成為人人都能踩上一腳的落魄千金，不惜賤賣自己，
而他為了報復她，巨資將她拍下。

他將她抵在牆上，咬牙開口，「林未晚，我當初體會的，我會一分不少，盡數奉還給你們！」

在她被眾人欺時，卻是他護在身邊，輕笑道：「我顧景的女人，我寵都來不及，什麼時候輪到你們來欺負了？。」

她被逼瘋，拿刀對著他時……卻轉手被他送進監獄
當愛已深入骨髓，恨則需要剔骨剜肉！"
誰念西風獨自涼,依念,愛情,完結,0,吾里文化,BG愛情,,,,,https://mojoin.com/novels/300,"重生之前，她被朝夕相處的男人推下高樓。
重生之後，因果循環，她又被包裹在一個巨大的陰謀中。
等神秘色紗一層層揭開，陸逸琛才知道她一直是他心中的那個白月光。
此後，陸逸琛做的最多的三件事就是寵她，寵她，再寵她。
「我累了，想休息了。」陸念西可憐巴巴的躺在床上望著陸逸琛。"
禁寵,周小七,愛情,完結,0,吾里文化,BG愛情,,,,,https://mojoin.com/novels/297,"三年前，我經歷了人生之中最為黑暗的日子，一夕之間，從天堂淪落地獄。
那時年少輕狂，不懂情之一字可以傷人如斯。
為此，我甚至付出光明的代價。

三年後，再次遇見那個魔鬼。
他摸著腹部的傷疤，看著我，目光如炬，語聲湛湛：「鬱菲，就算是下地獄，我身邊陪著的那個女人也一定是你！」 他說：「躲在黑暗中的老鼠，是不配生活在陽光下的。」

是啊，如果可以一直沉淪在黑暗中，也許並不會那麼痛苦。
最痛苦的是能夠看到希望。
我那麼恨你，可你怎麼會知道，只有愛時奮不顧身，恨時才蝕骨銷魂。"
億萬新娘：只想寵著你,其實一直不懂愛,愛情,完結,3,吾里文化,BG愛情,,,,,https://mojoin.com/novels/291,"他將她從別人的手裡救下，從此，將她纏上！
她見他，如見到鬼魅，唯恐避之不及。

某男雙手一撐，將她禁在雙臂之間，挑唇逼近：「本人有錢，有顏，跟我，有什麼不好？」
她笑：「北少非我族類，我有種族歧視！」
男人面不改色：「我口味比較重，不介意你不是人類！」
她忍無可忍：「滾！」
他笑得欠扁：「走，咱們一起滾！」
她終於怒了：「去死！」
他得寸近遲：「牡丹花但求一死！不如，你現在就送我一程！」"
狂妃傾城，主上別撩我,居隱,愛情,完結,0,吾里文化,BG愛情,,,,,https://mojoin.com/novels/287,"新婚燕爾。
「還記得我嗎？」他邪肆的眼眸掃著她，一隻手禁錮著她纖細的脖頸，彷彿一個用力，她就會被扭斷。
喵了個咪，這是問問題的態度嗎？她要是說錯，會不會被剮了。
某女裝傻。
某男額頭冒出三道黑線，幾年未見，這丫頭越來越有意思了，也……越來越……"
一顧南言,夜闌無星,愛情,完結,2,吾里文化,BG愛情,,,,,https://mojoin.com/novels/267,"從人人唾棄的失足少女，到風光無限的厲家小姐，顧安一隻花了三天的時間。
但是厲南言教會顧安一，從一身暴戾到步步生蓮，卻足足用了五年的時間。
五年後，他和別人締結婚約，大婚在即。
顧安一手握尖刀，對準女人心臟。
「我花了五年的時間，教你做一個善良溫柔的人，原來一切都是徒勞，永遠改變不了你骨子裡嗜血的本性，你走吧！」厲南言面如灰土。
……
三年後，她挽著他人手臂出現在他面前，言笑晏晏。
他將她逼至牆角，嚴厲質問：「顧安一，你是不是非得這麼作踐自己，才甘心？」"
懸愛,盛秋,愛情,完結,0,吾里文化,BG愛情,,,,,https://mojoin.com/novels/167,"戀愛總要有人先耍流氓，姐豁出去了！
她就是來踐行女追男到底是隔層紗？還是隔著一座山？
可，他是喜馬拉雅山中的珠穆朗瑪峰，高不可攀。

某日
艾卿：「老師，有女朋友嗎？」"
醜女涅槃：毒仙歸來,淺暖星一,愛情,完結,150,吾里文化,BG愛情,,,,,https://mojoin.com/novels/157,"縱橫大陸，四國風起雲湧。
她是特種部隊女上尉雲青梅，在強者為尊的異世重生。
從起初頂著一張巨醜的面容，步步為營夾縫求生。
再到華麗變臉，強者路漫漫其修遠，將傷害過她的人逐一求索。
打算塵封的心卻被某個無賴撩撥，半路又殺出處處維護她的妖孽世尊。
是和無賴浪跡四國？或者和世尊歸隱？還是拋棄一切回到她熟悉的世界。"
宮鎖凰,鹿溫久,愛情,完結,0,吾里文化,BG愛情,,,,,https://mojoin.com/novels/139,"堂堂丞相之女連個姓氏都沒有，從小的祖母撫養才有一名存活。
自小跟著傳聞中有著訂天下之才的忘丘八賢學習。
然而，太皇太后一道懿旨卻讓入宮為後，這個丈夫心儀許久卻不收待見。
後宮兩宮太后佔據，前朝四分五裂。
看她如何平定前朝，安定后宮。"
容教授，你媳婦跑了,若水亭,愛情,完結,0,吾里文化,BG愛情,,,,,https://mojoin.com/novels/97,"容家的太子爺拋棄了家族產業，跑去當了大學教授，據說是為了一個女人。
五年後，這個女人卻挽著別的男人手回來了。
這下，容教授…… 怒了！「容少，我已經結婚了。」
時思年的拒絕理由永遠都這麼鑽心刺骨，然而容承璟卻拉著她死纏爛打不放手，一個壁咚到牆角，耀眼的粉鑽晃動人心。
「結婚還可以離婚，離婚還可以再結婚。」
待時過境遷，滄海桑田之後。
剛參加完畫展回來的時思年一推門，就看見家裡的小包子「啪嗒」一聲摔壞"
愛,斜月簾櫳,愛情,完結,0,吾里文化,BG愛情,,,,,https://mojoin.com/novels/82,"宋北傾愛著賀南山，很愛很愛，愛到可以低入塵埃，可以拋棄尊嚴。
但是賀南山不愛宋北傾，婚姻三年，宋北傾徹底從賀南山的生命裡退出的時候，賀南山才突然發現自己的胸口好像缺了一塊。"
絕色王爺求不約,堅強的小榴槤,愛情,完結,0,吾里文化,BG愛情,,,,,https://mojoin.com/novels/70,"第一次相見，她掉進了他的浴桶，不僅看了他洗澡，還將他摸了強吻，佔盡便宜後溜之大吉。
第二次見面，兩人身份微妙，她驚覺上次自己得罪的是怎樣可怕的人物，然而，人不要臉則無敵，即便天下人都怕他，她依舊有恃無恐。
第三次再見，卻是他伸手過來，迎接著她遠嫁

此後兩國不再太平。"
今朝落雪待歸人,眠卿,愛情,完結,0,吾里文化,BG愛情,,,,,https://mojoin.com/novels/59,"他是天界帝君。
卻為了她放棄所有，來到地府，兩次捨命相救，魂魄難全。
她是魔界宮主的親姐姐。
一朝失憶，來到了他的世界所有人都說他們是為世人所不容的孽緣。
唯有她相信，縱使所愛隔山海她亦可讓山海皆平！"
撩人皇后，帥哥溫柔點兒,琉璃暖,愛情,完結,0,吾里文化,BG愛情,,,,,https://mojoin.com/novels/47,"她是翻手為雲覆手為雨的沉香宮主宰，以遊戲人間為樂，於是在京城開了一家名曰浮香樓的男館。
為了招到天下幾個美男做招牌，充盈她的小金庫，於是她裝傻充愣扮演呆萌小甜心，客串純良無害的好騙小白兔，偶爾也變身野性難馴的磨人小妖精。
哪曾想玩過了火，一不小心惹下了一大堆的桃花債。
直到有一天她玩累了，歡歡喜喜坐上大紅花轎，準備去給天下第二帥的男人當皇后，不想半路被人劈碎轎子。"
重生之絕世寵妃,南山悠然,愛情,完結,0,吾里文化,BG愛情,,,,,https://mojoin.com/novels/16,"她身為王府嫡女，謀略武功皆是不凡。
數年真心，助渣男榮登九五，豈料換來的卻是冷宮囚禁。
重生而來，有仇報仇，有怨報怨。斷了渣男的登基之路，戳破渣女的偽善惡毒，讓他們再無翻身之日。
渣男錶白？直接踢開。渣女設計毀清白？那就以其人之道還治其人之身。便宜舅媽貪家產？掃地出門還讓你陪精神損失費。
「顧清瞳性格暴戾，不配擔郡主之名。」
顧家數十萬大軍：「誰敢說我們郡主一句不是？」
眾人噤聲。
內有哥姐相護，外有美男擋刀。"
不負如來終負你,若夏白,愛情,完結,0,吾里文化,BG愛情,,,,,https://mojoin.com/novels/2,"他是受佛祖之命拯救人生苦難的苦行彌僧。
她是集萬千寵愛的公主。
她愛他，他卻心懷天下。
那一天，她一襲火紅嫁衣出現在他面前，紅唇輕啟，微微發抖。
「大師，你能帶我走嗎？」"
囚婚,安涼,愛情,完結,0,吾里文化,BG愛情,,,,,https://mojoin.com/novels/1000,"「不服來戰！」她囂張地看著平城第一GAY挑釁。
「戰？」他霸氣側漏地撲身過去，某男完美化身！
她恨恨道，「你這個死GAY，竟然是個騙子！」

他是震驚商業圈的商業教父，她是被迫嫁給他弟弟的契約老婆，然而，契約老公一夜暴斃……
他卻纏上了她，一夜變了性取向。
「顧總，我們這樣有違人倫！」
「人倫？來，讓我教教你什麼是人倫！」"
囚愛擒歡：總裁先生輕輕親,月橋禾安,愛情,完結,7,吾里文化,BG愛情,,,,,https://mojoin.com/novels/839,"一場交易，溫淺站在霍聿深面前，「霍先生，我怎麼樣？」
矜貴的男人高挑著眉端，眼底蘊藏著迷離之色，「滾。」

溫淺咬牙：「你名深我叫淺，豈非絕配？」
「如果不死就答應你，再說一句，我不喜歡溫柔。」男人低低地笑出聲，伸手掐住她纖細的頸。
她心有摯愛，他亦有心上明月。"
摟住殿下小蠻腰,木須肉,愛情,完結,,,,,,,,,
快穿之病毒大人你站住,小竹燈,愛情,完結,,,,,,,,,
他曾愛過我,百谷蓁蓁,愛情,完結,,,,,,,,,
戰火王妃：王爺莫要撩戰袍,小月彎彎,愛情,完結,,,,,,,,,
太傅嫁到,亦何,愛情,完結,,,,,,,,,
雲城晚來歌,八月十七,愛情,完結,,,,,,,,,
十方劫,永畫,愛情,完結,,,,,,,,,
煞妃出沒，國師太難纏,妖妖,愛情,完結,,,,,,,,,
國師大人請自重,西樹泡芙,愛情,完結,,,,,,,,,
王妃富甲天下,地府十三鬼,愛情,完結,,,,,,,,,
有個妖孽總在我眼前晃,白砂糖,愛情,完結,,,,,,,,,
謀情掠愛，毒妃重生不好惹,文越,愛情,完結,,,,,,,,,
邪龍纏鳳，愛妃約不約,公子緋緋,愛情,完結,,,,,,,,,
北方茵茵正茂時,小北啊??,愛情,完結,,,,,,,,,
暴君寵妃無度,小鹿狂野,愛情,完結,,,,,,,,,
霸道總裁愛上我,月色靜好,愛情,完結,,,,,,,,,
重生愛上九千歲,君驍,愛情,完結,,,,,,,,,
攝政王，你家王妃又跑了,一隻莫噠啦,愛情,完結,,,,,,,,,
辰情如故,_沉默寡言JY,愛情,完結,,,,,,,,,
大婚晚成：律師大人惹不得,半箋淸墨,愛情,完結,,,,,,,,,
喜你白晝如焚,言多bi池。,愛情,完結,,,,,,,,,
賢妻天降：夫人姍姍來,君驍,愛情,完結,,,,,,,,,
鹿先生眼中有星辰,辰時溪,愛情,完結,,,,,,,,,
世間終你最好,沈青荷,愛情,完結,,,,,,,,,
一品皇妃：王爺寵不休,忘川公子,愛情,完結,,,,,,,,,
禁慾系男神,七懶,愛情,完結,,,,,,,,,
花開是美，花落是醉,子安,愛情,完結,,,,,,,,,
感謝你，溫暖我的小時光,山風旅人,愛情,完結,,,,,,,,,
嫡妻有謀,安涼,愛情,完結,,,,,,,,,
我的徒弟是妖神,文越,愛情,完結,,,,,,,,,
愛時心動如初,方聽白,愛情,完結,,,,,,,,,
狐仙夭夭,木子白衣,愛情,完結,,,,,,,,,
毒女來襲，鬼王請淡定,文越,愛情,完結,,,,,,,,,
掠情奪愛，總裁蓄謀已久,公子漫漫,愛情,完結,,,,,,,,,
步步撩人：皇后不好當,文越,愛情,完結,,,,,,,,,
崇樓如故,vivi薇安,愛情,完結,,,,,,,,,
戀戀不忘，戎少忙追妻,于紫陽,愛情,完結,,,,,,,,,
似是故人來,vivi薇安,愛情,完結,,,,,,,,,
餘生與你糾纏,七懶,愛情,完結,,,,,,,,,
他來時溫如故,七懶,愛情,完結,,,,,,,,,
早見晚愛,一代萌神,愛情,完結,,,,,,,,,
顧盼流連,Ms.疏影,愛情,完結,,,,,,,,,
歡情盛寵：陸先生的密愛情人,_沉默寡言JY,愛情,完結,,,,,,,,,
人間至味是清歡,Ms.疏影,愛情,完結,,,,,,,,,
星光熠熠，許你此生,_沉默寡言JY,愛情,完結,,,,,,,,,
似璟年華，鬱少暖暖愛,_沉默寡言JY,愛情,完結,,,,,,,,,
餘生很長，你最難忘,一朝一暮,愛情,完結,,,,,,,,,
戀愛心理學,鬱兔,愛情,完結,,,,,,,,,
帶刺薔薇,鬱兔,愛情,完結,,,,,,,,,
古埃及王的祝福,鑽石心,愛情,完結,,,,,,,,,
親愛的，讓我借住幾晚吧？,哩哩呱哩,愛情,完結,,,,,,,,,
戀愛依存大小姐的一百種撩哥術,不眠不咻,愛情,完結,,,,,,,,,
堤門諾斯,竟然,愛情,完結,,,,,,,,,
這一次，我會好好喜歡你,熟魚片,愛情,完結,,,,,,,,,
躍蓬萊,右璇C,愛情,完結,,,,,,,,,
星黑戀影,沫晨優,愛情,完結,,,,,,,,,
羽落北辰,執光,愛情,完結,,,,,,,,,
絕色靈音師,墨妲妲,愛情,完結,,,,,,,,,
如果社恐，就去夾娃娃吧,吐維,BL耽美,連載,,,,,,,,,
深眠,依讀,BL耽美,連載,,,,,,,,,
寵物關係,雨墨濂,BL耽美,連載,,,,,,,,,
偷偷養,冰殊靛,BL耽美,連載,,,,,,,,,
叛逆玩家,花於景,BL耽美,連載,,,,,,,,,
無瞳之眼02,風花雪悅,BL耽美,完結,,,,,,,,,
我從遊戲中喚醒的魔王是廢柴1：新任務：美麗魔境,子陽,BL耽美,完結,,,,,,,,,
創傷後戀愛症候群,李勤英,BL耽美,完結,,,,,,,,,
無瞳之眼01,風花雪悅,BL耽美,完結,,,,,,,,,
天明前，為翊天之辰星,閒魚乾,BL耽美,完結,,,,,,,,,
初嘗禁果,多人合集,BL耽美,完結,,,,,,,,,
偽娘直播中,程雪森,BL耽美,完結,,,,,,,,,
怪物結案報告,依讀,BL耽美,完結,,,,,,,,,
赤與白的米諾,七月鼠,BL耽美,完結,,,,,,,,,
心隨秒針下沉,瀨葉,BL耽美,完結,,,,,,,,,
以愛為名,吐維,BL耽美,完結,,,,,,,,,
逆時才能揭曉的真相,巾絲草,BL耽美,完結,,,,,,,,,
Adapt！,倪亞青,BL耽美,完結,,,,,,,,,
新科兔兒神奮發記,風韞翔,BL耽美,連載,,,,,,,,,
少司命,風韞翔,BL耽美,完結,,,,,,,,,
貪吃鬼,悍兔,BL耽美,完結,,,,,,,,,
王牌的他不愛看劇,符晴,BL耽美,完結,,,,,,,,,
我在便利商店撿到一隻男神,吐維,BL耽美,完結,,,,,,,,,
暗戀,蒔九,BL耽美,完結,,,,,,,,,
辦公室的探戈,悍兔,BL耽美,完結,,,,,,,,,
病嬌弟弟好可怕(05)遺忘的記憶與回憶起的感情(END),帝華席亞,BL耽美,完結,,,,,,,,,
病嬌弟弟好可怕(04)初戀的長髮少女與生病的孿生弟弟,帝華席亞,BL耽美,完結,,,,,,,,,
病嬌弟弟好可怕(03)傳遞戀情的巧克力與掌控生死的子彈,帝華席亞,BL耽美,完結,,,,,,,,,
病嬌弟弟好可怕(02)賢慧滿分的手做料理與情趣加分的手銬,帝華席亞,BL耽美,完結,,,,,,,,,
病嬌弟弟好可怕(01)飽含愛意的圍巾與承滿殺意的美工刀,帝華席亞,BL耽美,完結,,,,,,,,,
異星天使，用愛馴服(06)自由之翼(END),子陽,BL耽美,完結,,,,,,,,,
異星天使，用愛馴服(05)謊言真相,子陽,BL耽美,完結,,,,,,,,,
異星天使，用愛馴服(04)萬眾一心,子陽,BL耽美,完結,,,,,,,,,
異星天使，用愛馴服(03)母星解密,子陽,BL耽美,完結,,,,,,,,,
異星天使，用愛馴服(02)性感小寵物,子陽,BL耽美,完結,,,,,,,,,
異星天使，用愛馴服(01)從天而降,子陽,BL耽美,完結,,,,,,,,,
第一次告白短篇小說集,悍兔,BL耽美,完結,,,,,,,,,
異外！不獸控制,M.貓子、依讀,BL耽美,完結,,,,,,,,,
狼人先生的私密授課(06)裸湯!森林的學園祭(END),子陽,BL耽美,完結,,,,,,,,,
狼人先生的私密授課(05)第一堂歷史課，兄弟拉腐拉腐,子陽,BL耽美,完結,,,,,,,,,
狼人先生的私密授課(04)深淵的校外教學,子陽,BL耽美,完結,,,,,,,,,
狼人先生的私密授課(03)第一堂劍術課，一樣都是長的跟尖的,子陽,BL耽美,完結,,,,,,,,,
狼人先生的私密授課(02)老師，請大聲點我的名字！,子陽,BL耽美,完結,,,,,,,,,
狼人先生的私密授課(01)老師！請讓我在你身上計算加減乘除,子陽,BL耽美,完結,,,,,,,,,
夜裡的北極星,李勤英,BL耽美,完結,,,,,,,,,
親愛的，我把你掰彎了03尾行篇,釉子酒,BL耽美,完結,,,,,,,,,
親愛的，我把你掰彎了02社遊篇,釉子酒,BL耽美,完結,,,,,,,,,
吸血鬼育兒日記(06)一個吸血鬼的誕生(END),子陽,BL耽美,完結,,,,,,,,,
吸血鬼育兒日記(05)監禁重生,子陽,BL耽美,完結,,,,,,,,,
往後餘生,悍兔,BL耽美,完結,,,,,,,,,
成為全台迷因後,牧昭昭,BL耽美,完結,,,,,,,,,
吸血鬼育兒日記(04)爸爸們的奢華海島行,子陽,BL耽美,完結,,,,,,,,,
吸血鬼育兒日記(03)主人與他的「新娘」,子陽,BL耽美,完結,,,,,,,,,
吸血鬼育兒日記(02)你有看見我的衣服嗎？,子陽,BL耽美,完結,,,,,,,,,
吸血鬼育兒日記(01)「女王」和他的情人,子陽,BL耽美,完結,,,,,,,,,
好想要個抱枕,吐維,BL耽美,完結,,,,,,,,,
親愛的，我把你掰彎了01碟仙篇,釉子酒,BL耽美,完結,,,,,,,,,
窒愛,程雪森,BL耽美,完結,,,,,,,,,
乖，坐下別汪。,百沫歌,BL耽美,完結,,,,,,,,,
過激性索愛症,熒夜,BL耽美,完結,,,,,,,,,
The Legend,AstorBT,BL耽美,完結,,,,,,,,,
都是後母惹的禍,killer,BL耽美,完結,,,,,,,,,
黑吃黑生存法則,知岸,BL耽美,完結,,,,,,,,,
未知的乙女攻略,李子李,BL耽美,完結,,,,,,,,,
鬼鏡狂想曲（２０１８版）,killer,BL耽美,完結,,,,,,,,,
謊言彼岸的妳,希澄,GL百合,連載,,,,,,,,,
地府犯罪調查中心 1st case：請詭,馥閒庭,GL百合,完結,,,,,,,,,
校園冤家,晉子,GL百合,完結,,,,,,,,,
不考慮一下嗎,亦白,GL百合,完結,,,,,,,,,
以愛為名,色之羊予沁,GL百合,完結,,,,,,,,,
少女晝寢,亦白,GL百合,完結,,,,,,,,,
唯一解藥,1382,GL百合,完結,,,,,,,,,
頭子他老婆,亦白,GL百合,完結,,,,,,,,,
抽二手煙的正確姿勢,亦白,GL百合,完結,,,,,,,,,
殘愛,色之羊予沁,GL百合,完結,,,,,,,,,
穿越雲空戀上妳,亞蘇,GL百合,完結,,,,,,,,,
竹先生,色之羊予沁,GL百合,完結,,,,,,,,,
初戀非男友,亞蘇,GL百合,完結,,,,,,,,,
我睡了前男友他媽,色之羊予沁,GL百合,完結,,,,,,,,,
高捷少女：直到下一站,時零,GL百合,完結,,,,,,,,,
【GL】燈火闌珊,愛不說,GL百合,完結,,,,,,,,,
中二妄想．少女日常,雷明,輕鬆搞笑,完結,,,,,,,,,
魔法校草☆颯爽變身！(04)終結一切混亂(END),青鷹,輕鬆搞笑,完結,,,,,,,,,
魔法校草☆颯爽變身！(03)校園熱鬧無比,青鷹,輕鬆搞笑,完結,,,,,,,,,
魔法校草☆颯爽變身！(02)生活亂七八糟,青鷹,輕鬆搞笑,完結,,,,,,,,,
魔法校草☆颯爽變身！(01)校草歡樂變身,青鷹,輕鬆搞笑,完結,,,,,,,,,
練愛地圖,多人合集,輕鬆搞笑,完結,,,,,,,,,
原子占星咖啡館的日常,紫曜日,輕鬆搞笑,完結,,,,,,,,,
原子公館的少年們,初雲,輕鬆搞笑,完結,,,,,,,,,
請跟我交往！拜託啦！,名為星賊的草莓蛋糕,輕鬆搞笑,完結,,,,,,,,,
在非人類高中就是要活著畢業呀！不然要幹嘛？(06)台日電擊大作戰(END),雷明,輕鬆搞笑,完結,,,,,,,,,
在非人類高中就是要活著畢業呀！不然要幹嘛？(05)太棒了！沒有暑假作業！來玩大逃殺吧！,雷明,輕鬆搞笑,完結,,,,,,,,,
在非人類高中就是要活著畢業呀！不然要幹嘛？(04)鬼島餘生之殭屍才不是鬼,雷明,輕鬆搞笑,完結,,,,,,,,,
在非人類高中就是要活著畢業呀！不然要幹嘛？(03)在思考失業前，妳知道畢業嗎？,雷明,輕鬆搞笑,完結,,,,,,,,,
在非人類高中就是要活著畢業呀！不然要幹嘛？(02)拚死拚活的競選、拚死拚活的選上！,雷明,輕鬆搞笑,完結,,,,,,,,,
在非人類高中就是要活著畢業呀！不然要幹嘛？(01)莫名其妙被冥婚、莫名其妙被索命。,雷明,輕鬆搞笑,完結,,,,,,,,,
收到收費袋的我，開始了萌寵召喚師生活,抹茶熊熊,輕鬆搞笑,完結,,,,,,,,,
《我的師傅宇宙可愛，不服來戰！》卷五,二迴林,輕鬆搞笑,完結,,,,,,,,,
《我的師傅宇宙可愛，不服來戰！》卷四,二迴林,輕鬆搞笑,完結,,,,,,,,,
《我的師傅宇宙可愛，不服來戰！》卷三,二迴林,輕鬆搞笑,完結,,,,,,,,,
《我的師傅宇宙可愛，不服來戰！》卷二,二迴林,輕鬆搞笑,完結,,,,,,,,,
《我的師傅宇宙可愛，不服來戰！》卷一,二迴林,輕鬆搞笑,完結,,,,,,,,,
哎呀、變成寶箱怪了！,鬱兔,輕鬆搞笑,完結,,,,,,,,,
天使的贈禮,鬱兔,輕鬆搞笑,完結,,,,,,,,,
那些被寫成輕小說的短篇故事,芸光,輕鬆搞笑,完結,,,,,,,,,
難道勇者回原本世界過年，連親戚都贏不了？,白瓷,輕鬆搞笑,完結,,,,,,,,,
妹妹說要靠新手裝打進排名第一，沒搞錯吧！？,雷迪,輕鬆搞笑,完結,,,,,,,,,
這樣的守護神 真的沒問題嗎？,胡說,輕鬆搞笑,完結,,,,,,,,,
老子就是不想接家業啊！,吉郁隆程,輕鬆搞笑,完結,,,,,,,,,
蘿莉幽靈纏上我！,走路跌跤,輕鬆搞笑,完結,,,,,,,,,
魯蛇們！成為偶像吧！,天兵,輕鬆搞笑,完結,,,,,,,,,
七日內靠刮刮樂獎金賺一億元！,六花,輕鬆搞笑,完結,,,,,,,,,
福氣囧少女,killer,輕鬆搞笑,完結,,,,,,,,,
泡菜熟成，宜殺人,慣看春秋,懸疑推理,完結,,,,,,,,,
冬青樹下的福爾摩斯01,散狐,懸疑推理,完結,,,,,,,,,
他媽的AI吃人豪宅,芙蘿,懸疑推理,完結,,,,,,,,,
怪奇殯儀館,芙蘿,懸疑推理,完結,,,,,,,,,
流焰的迴旋曲,薩佐,懸疑推理,完結,,,,,,,,,
查無此人，請勿再寄,吐維,懸疑推理,完結,,,,,,,,,
地獄的轉生生存秀,壹那由他,懸疑推理,完結,,,,,,,,,
勇往直前吧！捕物少女！,亞蘇,懸疑推理,完結,,,,,,,,,
魍魎之宴,月雨海魅,懸疑推理,完結,,,,,,,,,
無朽色華(Ｉ),星野咪魯,懸疑推理,完結,,,,,,,,,
【都市/懸疑/罪案/心理】 黑暗中的犯罪側寫師,巨蠍羊,懸疑推理,完結,,,,,,,,,
群青推理－成為偵探助手的方法,CC,懸疑推理,完結,,,,,,,,,
GAME,Rin45,懸疑推理,完結,,,,,,,,,
白鬼曼蘿,米米爾,懸疑推理,完結,,,,,,,,,
對神宣戰的偵探,昇華,懸疑推理,完結,,,,,,,,,
迷途之羊01,微混吃等死,青春校園,完結,,,,,,,,,
三餐飯後閱讀此書,一真,青春校園,完結,,,,,,,,,
臨時戀愛條款,蒼燁,青春校園,完結,,,,,,,,,
討厭學校的我，意外開啟了戀愛冒險遊戲般的生活,散狐,青春校園,完結,,,,,,,,,
【網遊】何處不染塵,安普特,青春校園,完結,,,,,,,,,
10⁻⁹,toilet,青春校園,完結,,,,,,,,,
難道純愛戰士的我，要轉職成牛頭人？,四月一日的羊,青春校園,完結,,,,,,,,,
記憶的編織者,神崎結弦,青春校園,完結,,,,,,,,,
羽化之後,小蛇hebi,青春校園,完結,,,,,,,,,
【實驗日誌】我的TA,toilet,青春校園,完結,,,,,,,,,
我的笨蛋妹妹,一真,青春校園,完結,,,,,,,,,
《女主角填空問題是否過於困難了》,雷迪,青春校園,完結,,,,,,,,,
今日的動漫社依舊無所事事,應該,青春校園,完結,,,,,,,,,
不可告人的校園情事,多人合集,青春校園,完結,,,,,,,,,
因夢想而死的我們,小鹿,青春校園,完結,,,,,,,,,
青梅竹馬能追嗎,啊儀,青春校園,完結,,,,,,,,,
鄰座的城隍小姐不除妖！,小夜妹子,青春校園,完結,,,,,,,,,
有病吃藥～跟青梅竹馬一起成為小說家吧,拾文字戰士,青春校園,完結,,,,,,,,,
夜北芋冰物語,幻華鼠,青春校園,完結,,,,,,,,,
我與青梅竹馬的少年漫畫取材記,亦白,青春校園,完結,,,,,,,,,
倒數三次的告白,1382,青春校園,完結,,,,,,,,,
最終不能成為主角的我,鏡道記,青春校園,完結,,,,,,,,,
女友是個想39歲安樂死的厭世傢伙,五月八日,青春校園,完結,,,,,,,,,
不良少女矯正計劃,On,青春校園,完結,,,,,,,,,
指考前七天的憂鬱,青色的文字玩家,青春校園,完結,,,,,,,,,
Stalker☆Club,MisterZoo,青春校園,完結,,,,,,,,,
宅男女神,芃凡,青春校園,完結,,,,,,,,,
我的妹妹哪有人格分裂,汪界,青春校園,完結,,,,,,,,,
和金錢談場戀愛吧！,粉紅夜/紀帥哥,青春校園,完結,,,,,,,,,
兩個世界 百分百之美,東之冊,青春校園,完結,,,,,,,,,
致彼此的藍色繡球花,aipi,青春校園,完結,,,,,,,,,
櫻時雨,MisterZoo,青春校園,完結,,,,,,,,,
就算被妖怪包圍也要談戀愛！,killer,青春校園,完結,,,,,,,,,
那年夏日天光大作,東澤,文學寫實,完結,,,,,,,,,
霸凌者的告別式,李勤英,文學寫實,完結,,,,,,,,,
網路情緣,康莊,文學寫實,完結,,,,,,,,,
在房間流浪的人,互生眼,文學寫實,完結,,,,,,,,,
今宵異譚：卷一魍魎之夜,四隻腳,靈異驚悚,完結,,,,,,,,,
魔障之樹,路邊攤,靈異驚悚,連載,,,,,,,,,
怪談病院PANIC!01,小丑魚,靈異驚悚,完結,,,,,,,,,
我的家人就是鬼的那些事,多人合集,靈異驚悚,完結,,,,,,,,,
童話開膛手,松櫝,靈異驚悚,完結,,,,,,,,,
"鬼聽 —Hey, can you hear my VOICE?—",蛋目卡凡,靈異驚悚,完結,,,,,,,,,
貓與靈異,明月昭,靈異驚悚,完結,,,,,,,,,
異常 第二部：影子裡的怪物,路邊攤,靈異驚悚,完結,,,,,,,,,
攤叔叔短篇故事集：-1詛咒,路邊攤,靈異驚悚,完結,,,,,,,,,
攤叔叔短篇故事集：三年闇班,路邊攤,靈異驚悚,完結,,,,,,,,,
異常,路邊攤,靈異驚悚,完結,,,,,,,,,
代職城隍,紬實,靈異驚悚,完結,,,,,,,,,
攤叔叔短篇故事集,路邊攤,靈異驚悚,完結,,,,,,,,,
天才刑鬼師4：行屍走肉的逃殺,不帶劍,靈異驚悚,完結,,,,,,,,,
天才刑鬼師3：慘絕人寰的飢餓,不帶劍,靈異驚悚,完結,,,,,,,,,
天才刑鬼師2：玩鬼自焚的失控,不帶劍,靈異驚悚,完結,,,,,,,,,
天才刑鬼師1：吞食大腦的恐懼,不帶劍,靈異驚悚,完結,,,,,,,,,
好兄弟袂歹鬥陣,多人合集,靈異驚悚,完結,,,,,,,,,
昆琴奇察回憶錄,艾傑葉林,靈異驚悚,完結,,,,,,,,,
燈炎蒼刃,蓬暗,靈異驚悚,連載,,,,,,,,,
雙生緣起之相聚,許花錢,靈異驚悚,連載,,,,,,,,,
死亡樹海,路邊攤,靈異驚悚,完結,,,,,,,,,
新的地獄遊記,聖,靈異驚悚,完結,,,,,,,,,
今宵有鬼，莫熄燈！,北府店小二,靈異驚悚,完結,,,,,,,,,
回生,廬陵筆邪,靈異驚悚,完結,,,,,,,,,
渡靈詞,不眠不咻,靈異驚悚,完結,,,,,,,,,
第三方事務所,Rin45,靈異驚悚,完結,,,,,,,,,
第一次遇到鬼就上手,ghfjdksl,靈異驚悚,完結,,,,,,,,,
書靈,犬本,靈異驚悚,完結,,,,,,,,,
異語短篇集,killer,靈異驚悚,完結,,,,,,,,,
黃泉代理人,喵醬子（蠢貓）,靈異驚悚,完結,,,,,,,,,
直播修仙－我的抖內主個個要我命,流轉,武俠玄幻,完結,,,,,,,,,
血色如墨,Ditto亦然,武俠玄幻,完結,,,,,,,,,
我在地府當差2,哆魚,武俠玄幻,完結,,,,,,,,,
我在地府當差,哆魚,武俠玄幻,完結,,,,,,,,,
鬼姬傳說,紅塵,武俠玄幻,完結,,,,,,,,,
神魔變(13)Head Of The Line（誰領風騷）(END),白夜,武俠玄幻,完結,,,,,,,,,
神魔變(12)The Respective Calculations（各自盤算）,白夜,武俠玄幻,完結,,,,,,,,,
神魔變(11)False or True（虛實之間）,白夜,武俠玄幻,完結,,,,,,,,,
神魔變(09)AFTERMATH（餘波盪漾）,白夜,武俠玄幻,完結,,,,,,,,,
神魔變(08)Flickering Shadows of Demon（魔影幢幢）,白夜,武俠玄幻,完結,,,,,,,,,
神魔變(07)The Clue（初現端倪）,白夜,武俠玄幻,完結,,,,,,,,,
神魔變(06)Unpredictable Storm（風雲詭譎）,白夜,武俠玄幻,完結,,,,,,,,,
神魔變(05)Conflict＆Newborn（考驗的旅途）,白夜,武俠玄幻,完結,,,,,,,,,
神魔變(04)Conflict＆Newborn（衝突與新生）,白夜,武俠玄幻,完結,,,,,,,,,
神魔變(03)The Price Of Growth（成長的代價）,白夜,武俠玄幻,完結,,,,,,,,,
魂鬥士：變亂(12)毀滅與新生(END),諸戈,武俠玄幻,完結,,,,,,,,,
魂鬥士：變亂(11)死鬥,諸戈,武俠玄幻,完結,,,,,,,,,
神魔變(02)First Sign Of Budding Talent（初試鋒芒）,白夜,武俠玄幻,完結,,,,,,,,,
神魔變(01)The Beginning Of Destiny（宿命之始）,白夜,武俠玄幻,完結,,,,,,,,,
魂鬥士：變亂(10)光明聖女,諸戈,武俠玄幻,完結,,,,,,,,,
魂鬥士：變亂(09)屠龍之旅,諸戈,武俠玄幻,完結,,,,,,,,,
魂鬥士：變亂(08)欽差大臣,諸戈,武俠玄幻,完結,,,,,,,,,
魂鬥士：變亂(07)再見故人,諸戈,武俠玄幻,完結,,,,,,,,,
天地萬年情(06)悲歡離合(END),燕南飛,武俠玄幻,完結,,,,,,,,,
天地萬年情(05)破鏡重圓,燕南飛,武俠玄幻,完結,,,,,,,,,
天地萬年情(04)痛徹心扉,燕南飛,武俠玄幻,完結,,,,,,,,,
天地萬年情(03)至死不渝,燕南飛,武俠玄幻,完結,,,,,,,,,
天地萬年情(02)命運流轉,燕南飛,武俠玄幻,完結,,,,,,,,,
天地萬年情(01)初來乍到,燕南飛,武俠玄幻,完結,,,,,,,,,
魂鬥士：變亂(06)亂世佳人,諸戈,武俠玄幻,完結,,,,,,,,,
魂鬥士：變亂(05)新世界,諸戈,武俠玄幻,完結,,,,,,,,,
魂鬥士：變亂(04)陰謀,諸戈,武俠玄幻,完結,,,,,,,,,
魂鬥士：變亂(03)魔神王,諸戈,武俠玄幻,完結,,,,,,,,,
影傀者(06)位面異變(END),東邦,武俠玄幻,完結,,,,,,,,,
影傀者(05)古封界石,東邦,武俠玄幻,完結,,,,,,,,,
魂鬥士：變亂(02)得與失,諸戈,武俠玄幻,完結,,,,,,,,,
魂鬥士：變亂(01)見鬼的穿越,諸戈,武俠玄幻,完結,,,,,,,,,
影傀者(04)圖魔斯,東邦,武俠玄幻,完結,,,,,,,,,
影傀者(03)古雷令,東邦,武俠玄幻,完結,,,,,,,,,
影傀者(02)靈魂珠,東邦,武俠玄幻,完結,,,,,,,,,
影傀者(01)活下去,東邦,武俠玄幻,完結,,,,,,,,,
上仙(09)這不會是結局吧？(END),貓邏,武俠玄幻,完結,,,,,,,,,
上仙(08)這不就是組團刷祕境副本嗎？,貓邏,武俠玄幻,完結,,,,,,,,,
上仙(07)這不是所謂的變相聯誼嗎？,貓邏,武俠玄幻,完結,,,,,,,,,
上仙(06)這不是所謂的怪物養成嗎？,貓邏,武俠玄幻,完結,,,,,,,,,
上仙(05)這不是常見的○○橋段嗎？,貓邏,武俠玄幻,完結,,,,,,,,,
上仙(04)這不是傳說中的淘寶嗎？,貓邏,武俠玄幻,完結,,,,,,,,,
上仙(03)這不是傲嬌忠犬啊！,貓邏,武俠玄幻,完結,,,,,,,,,
上仙(02)這不是正常的成仙程序啊！,貓邏,武俠玄幻,完結,,,,,,,,,
上仙(01)這不是Online Game！,貓邏,武俠玄幻,完結,,,,,,,,,
天地萬年情之 綣殘雲(03)(END),燕南飛,武俠玄幻,完結,,,,,,,,,
天地萬年情之 綣殘雲(02),燕南飛,武俠玄幻,完結,,,,,,,,,
劍俠沒有情緣,綸生,武俠玄幻,完結,,,,,,,,,
劍靈-再起,巧咪,武俠玄幻,完結,,,,,,,,,
酒劍仙,白浪,武俠玄幻,完結,,,,,,,,,
大話修仙,K,武俠玄幻,完結,,,,,,,,,
暗夜星塵,鯨頭鸛先生,武俠玄幻,完結,,,,,,,,,
天地萬年情之 綣殘雲(01),燕南飛,武俠玄幻,完結,,,,,,,,,
殘神記(07)神願星殿(END),東邦,武俠玄幻,完結,,,,,,,,,
殘神記(06)皇權風波,東邦,武俠玄幻,完結,,,,,,,,,
殘神記(05)認親,東邦,武俠玄幻,完結,,,,,,,,,
殘神記(04)黑衣人,東邦,武俠玄幻,完結,,,,,,,,,
殘神記(03)追緝兇手,東邦,武俠玄幻,完結,,,,,,,,,
殘神記(02)神之子,東邦,武俠玄幻,完結,,,,,,,,,
殘神記(01)預言現,東邦,武俠玄幻,完結,,,,,,,,,
山海妖異奇譚,徐行,武俠玄幻,連載,,,,,,,,,
百歌行,慣看春秋,武俠玄幻,連載,,,,,,,,,
一個築基期密探的消失,愛不說,武俠玄幻,完結,,,,,,,,,