1,_沉默寡言JY
2,1382
3,Arzumu
4,AstorBT
5,Breeze 湯碗貓
6,Caloid Chang
7,Catter
8,CC
9,DARK櫻薰
10,Ditto亦然
11,DZ
12,ghfjdksl
13,K
14,killer
15,KR
16,leviatas
17,LKK
18,M.貓子、依讀
19,Magician
20,Mariana_海嘯
21,MisterZoo
22,Ms.疏影
23,n7
24,Ocean
25,On
26,Rin45
27,Setsuna
28,TING
29,toilet
30,TonyTony
31,vivi薇安
32,yyy
33,一代萌神
34,一枝寒梅s
35,一芳
36,一真
37,一隻仙子
38,一隻莫噠啦
39,一朝一暮
40,一葉之舟
41,七月鼠
42,七懶
43,九方思想貓
44,九命貓
45,二兩清歡
46,二迴林
47,二葉
48,八千子
49,八月十七
50,八爪魚
51,十二玉樓
52,十二釵
53,三棵樹
54,上善若水
55,上絕
56,于紫陽
57,子安
58,子陽
59,小山羊
60,小丑魚
61,小月彎彎
62,小北啊??
63,小白菜菜
64,小竹燈
65,小妖呢喃
66,小夜妹子
67,小狐狸警官
68,小阿祭
69,小非
70,小甜甜plus
71,小蛇hebi
72,小魚兒不愛花無缺
73,小鹿
74,小鹿狂野
75,小猴王
76,小圓滿
77,小貓愛吃糖
78,山風旅人
79,川菜大王
80,巾絲草
81,不吃趣多多
82,不眠不咻
83,不帶劍
84,互生眼
85,五月八日
86,公子漫漫
87,公子緋緋
88,六月焰
89,六花
90,化風
91,午夜藍
92,天下。
93,天兵
94,孔陽
95,尤醬_
96,幻華鼠
97,文越
98,方聽白
99,月色靜好
100,月初
101,月雨海魅
102,月亮熊
103,月滿棲樓
104,月橋禾安
105,木子白衣
106,木向晚
107,木須肉
108,水熊
109,水龍卷
110,火星來的貓
111,犬本
112,出山
113,北府店小二
114,卉柯
115,半箋淸墨
116,卡布D
117,可可達鴨
118,右璇C
119,四月一日的羊
120,四隻腳
121,巧咪
122,巨蠍羊
123,本艾
124,民小蘇
125,永畫
126,甘卿玥
127,白日幻夢
128,白奶包
129,白夜
130,白砂糖
131,白娉羽
132,白浪
133,白瓷
134,白嫵
135,禾惠
136,亦白
137,亦何
138,伍六無七
139,伍德．瓦懷特
140,冰殊靛
141,冰雪翎
142,吃蘿蔔的蘿蔔。
143,吉郁隆程
144,名為星賊的草莓蛋糕
145,吐維
146,地府十三鬼
147,多人合集
148,妃小絳
149,安小米
150,安徒離
151,安涼
152,安普特
153,安森希爾
154,成王千安
155,早藻
156,朱夏
157,汜羽荃
158,百谷蓁蓁
159,百里青青
160,百沫歌
161,竹子空心
162,米米爾
163,米契
164,羽毛冰塊
165,羽澤
166,自初
167,自是年少
168,色之羊予沁
169,艾艾羅
170,艾傑葉林
171,艾雅
172,西樹泡芙
173,佐渡遼歌
174,何守琦
175,君驍
176,妍妍妮子
177,妖妖
178,妖紅
179,妖家四少
180,妝瓣兒
181,孜然粉哇
182,宋玥
183,宋桃花
184,尾巴Misa
185,希澄
186,希黎
187,忘川公子
188,我是阿歡啊
189,抒靈
190,李子李
191,李柏青
192,李勤英
193,杏花雨瓣兒
194,汪界
195,沈青荷
196,沉魚
197,芃凡
198,見一抹綠
199,言多bi池。
200,言湘隱
201,豆丁皇后
202,走路跌跤
203,辛亞
204,辰時溪
205,阮郎歸
206,阮無虞
207,亞蘇
208,依念
209,依澄Q
210,依讀
211,兔姑姑
212,其實一直不懂愛
213,初雲
214,周小七
215,呼嘎HOGA
216,夜天
217,夜闌無星
218,奔跑的小米粒
219,姒情
220,孟知
221,居隱
222,披袖
223,抹茶熊熊
224,拆野拆替
225,昇華
226,明月昭
227,易輕塵
228,東之冊
229,東邦
230,東澤
231,東籬黃昏
232,松櫝
233,枕月
234,林北小歐辣
235,林洛書
236,林暮暮
237,林遲染
238,欣木
239,沫晨優
240,牧昭昭
241,狐七戒
242,狐青夜
243,狗妹
244,玥主朽紅
245,玫瑰
246,知玄機
247,知岸
248,芙蘿
249,花末
250,花於景
251,花陽
252,花落瑾殤
253,花落餘生
254,花鈴
255,芸光
256,芽豆靈
257,長夜
258,阿次
259,阿悅最帥
260,阿素.
261,阿曦 A-Xi
262,雨沫
263,雨墨濂
264,青色的文字玩家
265,青果果
266,青鏡梔子
267,青鷹
268,南山悠然
269,南門椅子
270,南翁
271,哆魚
272,帝華席亞
273,彥蕭蕭
274,拾七柒
275,拾文字戰士
276,星小閃
277,星野咪魯
278,星琛
279,星雲
280,是阿灼啊
281,某宅
282,柔兒
283,柔親帶笑
284,柳十三
285,洛千華
286,洛夕
287,洛華
288,流光
289,流雲隨風
290,流轉
291,玲瓏格
292,秋雨後的小蘑菇
293,紅塵
294,美人不美
295,胡書
296,胡說
297,胡蘿蔔大大
298,若水亭
299,若有魚
300,若夏白
301,郁芳芳
302,陌上無花
303,風十柒
304,風花雪悅
305,風城喵喵
306,風順
307,風煙一渡
308,風煙殘霧
309,風落涼
310,風輕早
311,風韞翔
312,倪亞青
313,值言
314,哩哩呱哩
315,唐銀
316,夏涼初
317,夏翎
318,夏顏兮雅
319,姬沐
320,徐行
321,悍兔
322,時零
323,晉子
324,書癮少女「灼鴦」
325,桃桃紅柚
326,浣曦
327,海空
328,烏瞳貓
329,狸沐柔
330,琉璃暖
331,真月
332,眠卿
333,神崎結弦
334,笑莫纖然
335,粉紅夜/紀帥哥
336,草子信
337,蚊小七
338,衾涼
339,高阿諾
340,鬼才
341,做過頭主義
342,啊儀
343,執光
344,堅強的小榴槤
345,帶刺地玫瑰
346,常百憶
347,康莊
348,張氏雅歌
349,悠月
350,斜月簾櫳
351,斬桃
352,晨羽
353,望宸
354,梧玖
355,梨花微雕
356,淩美
357,淺夕顏
358,淺暖星一
359,清粥醬菜
360,珺婷
361,甜茶茶
362,盛秋
363,竟然
364,符晴
365,紬實
366,莓果醬
367,蛋目卡凡
368,袍今
369,覓福
370,許花錢
371,逢時
372,雪珊瑚
373,雪翼
374,魚本鹹
375,鹿何往
376,鹿溫久
377,喵喵cat
378,喵醬子（蠢貓）
379,壹那由他
380,寒山寺
381,寒錦
382,尋花
383,散狐
384,斯恩
385,景井
386,景慕輕塵
387,晴空希望
388,棠巢栗子
389,森林野生小石榴子
390,湯元元
391,無胥
392,無聊種子
393,無晴
394,琳聽
395,琴倚墨
396,發散黃色
397,程小樹
398,程雪森
399,筆尖的軌跡
400,紫果瓊漿
401,紫電昭陽
402,紫曜日
403,結寶
404,翔君
405,菊花清茶
406,華樂清雅
407,萌寶寶
408,詠名
409,逸清
410,閒魚乾
411,雲上錦書
412,雲夕雅兮
413,雲水靜
414,雲染
415,雲說
416,飲月
417,馮子緣
418,黑米BR
419,黑色油漆
420,黑糖君
421,黑霧
422,塗頂
423,微混吃等死
424,微靈
425,意外
426,愛不說
427,愛抹茶的琴姐
428,楊寒
429,楚慕風
430,睦方
431,筱筱
432,聖
433,落花灼
434,葉兒綠
435,葉怪怪
436,路星
437,路圓圓
438,路邊攤
439,遁逃的魚
440,違天
441,釉子酒
442,隔壁張大媽
443,雷明
444,雷迪
445,嘎吱兒
446,團子喵
447,寧鳶
448,慣看春秋
449,澈漓
450,熊雯雯
451,熒夜
452,瑪琪朵
453,瘋狂的蘋果
454,盡歡
455,綠籬晚晚
456,綰公子
457,綸生
458,緋瑟兒
459,臧語瞳
460,舞落葉
461,蒔九
462,蒼山月
463,蒼燁
464,輕陌
465,辣筆小新
466,銀簽
467,鳳梨蛋炒飯
468,劉淡淡。
469,墨九爺
470,墨十二
471,墨小言
472,墨妲妲
473,墨玲瓏
474,慕容小杰
475,暮辰
476,樰落
477,歐果
478,歐畢零三
479,潘柏霖
480,熟魚片
481,緬因吉
482,蓬暗
483,蔚海
484,蝸牛夢夢
485,諸戈
486,鄭十七
487,醉蝠
488,醉櫻落
489,鴉青染
490,橘子可妃
491,橙瓜攸攸
492,燈下細雨
493,燕南飛
494,燕思
495,獨白的小瑪麗
496,禦七君
497,糖小卡
498,蕭瑟
499,貓十七
500,貓小北
501,貓梓
502,貓邏
503,錦七七
504,優析
505,應該
506,檀檀欒
507,繁星落
508,翼翎
509,聲聲慢－
510,薇薇公主病
511,薛西斯
512,霜楓
513,黛夢
514,點絳唇
515,薩佐
516,藍衣初雲
517,藍星諾
518,蟬鳴半夏
519,雞肉捲捲捲
520,馥閒庭
521,廬陵筆邪
522,瀟冉
523,瀨葉
524,藤
525,贈你明珠
526,鏟屎公
527,鏡無影
528,鏡道記
529,韻白
530,鯨頭鸛先生
531,懸玲不語
532,曦昔
533,瀰霜
534,蘇杧
535,蘇晴川
536,蘇裳
537,蘇銳
538,蘇聽雨
539,麵團包銀圓
540,顧小染
541,鶯時醉
542,聽說南方
543,戀月兒
544,艷少
545,靈魂錯亂
546,蠻不講理
547,鑽石心
548,鬱兔
