nIndex,tIndex
1,171
1,129
1,173
1,124
1,67
2,26
2,19
2,132
2,632
2,20
3,31
3,531
3,113
3,29
3,176
4,235
4,202
4,54
4,267
5,37
5,161
5,213
6,207
6,84
6,177
7,110
7,137
7,263
7,171
8,297
8,293
9,124
9,137
9,128
9,171
9,129
10,117
10,122
10,172
11,201
11,136
11,82
12,97
12,226
12,297
12,138
12,171
13,97
13,124
14,220
14,284
14,263
14,153
14,135
15,263
15,218
15,117
16,232
16,263
16,66
16,153
16,122
17,88
17,177
17,173
17,263
17,34
18,177
18,173
18,64
18,263
18,82
19,30
19,124
19,82
19,138
19,171
20,177
20,97
20,150
21,105
21,97
21,261
21,226
21,170
22,100
22,97
22,34
22,122
22,171
23,293
23,129
23,171
23,292
23,89
24,97
24,124
25,97
25,124
26,117
26,97
26,263
26,122
26,171
27,97
27,129
27,265
27,214
28,97
28,124
28,293
28,117
29,97
29,124
30,201
30,301
30,124
30,128
30,117
31,97
32,97
33,97
33,234
33,302
33,802
34,97
34,124
35,117
35,122
35,171
36,97
36,61
36,60
36,2
36,56
37,173
37,263
37,82
37,117
38,171
39,97
39,124
40,248
40,96
40,171
40,129
41,97
41,124
42,293
42,97
42,117
43,97
43,124
44,97
44,124
45,97
45,124
46,88
46,162
46,111
46,152
47,97
47,124
48,136
48,173
48,232
48,97
48,56
49,97
50,263
50,111
50,144
50,117
50,122
51,97
51,124
52,97
52,124
53,97
53,144
53,111
54,97
54,124
55,97
55,124
56,97
56,124
56,173
56,117
57,117
57,263
58,97
58,124
59,97
60,259
60,263
60,144
60,122
61,97
61,124
62,97
62,124
63,97
63,124
64,97
64,124
65,1
65,110
65,293
65,97
66,97
66,124
67,97
67,124
68,97
68,293
68,117
69,97
69,124
69,122
69,117
70,97
70,124
71,97
71,124
72,265
72,172
73,97
73,124
74,97
74,124
75,297
75,117
75,122
76,97
76,124
77,97
77,124
78,259
78,137
78,263
78,242
78,138
79,97
79,124
80,226
80,175
80,117
80,171
81,97
82,117
82,263
82,122
83,34
83,175
83,218
83,171
84,97
84,124
85,97
85,124
86,97
86,117
87,263
87,297
87,218
88,97
88,263
88,34
88,177
88,293
89,195
89,297
90,97
90,124
91,97
91,124
92,297
92,117
92,122
93,97
93,124
94,97
94,124
95,97
95,124
96,97
96,124
97,97
97,124
98,97
98,124
99,97
99,124
100,97
100,124
101,97
101,124
102,97
102,124
103,97
103,297
103,117
104,97
104,124
105,97
105,117
106,97
106,124
107,97
107,124
108,97
108,124
109,97
110,263
110,135
110,117
110,122
111,97
111,122
111,117
111,303
112,97
112,124
113,97
113,124
114,73
114,297
114,34
114,175
114,218
115,88
115,97
115,263
115,297
115,144
116,97
116,124
117,97
117,144
117,245
117,280
117,297
118,97
118,124
119,97
119,124
120,97
120,124
121,97
121,124
122,117
122,172
123,218
123,122
123,171
123,129
124,97
124,124
125,97
125,124
126,97
126,124
127,97
127,124
128,97
128,124
129,129
129,117
130,97
130,124
131,110
131,177
131,259
131,232
131,263
132,263
132,117
133,97
133,124
134,97
134,124
135,97
135,124
136,88
136,205
136,97
136,297
136,218
137,97
137,124
138,97
138,124
139,117
139,122
139,172
140,88
140,205
140,226
140,122
141,97
141,234
141,302
141,802
142,136
142,57
142,122
143,97
144,97
144,124
145,97
145,124
146,97
146,124
147,97
147,124
148,97
148,124
149,14
149,279
149,262
150,97
150,124
151,110
151,259
151,97
151,117
151,171
152,284
153,97
153,124
154,97
154,124
155,97
156,97
156,124
157,97
157,124
158,97
158,124
159,303
159,207
159,263
160,97
160,124
161,297
161,263
161,172
162,162
162,284
163,97
163,124
164,97
164,124
165,205
165,155
165,263
165,111
165,86
166,97
166,124
167,97
167,124
168,97
168,124
169,97
170,301
170,66
170,34
170,144
170,129
171,117
171,218
171,129
172,97
172,124
173,97
173,124
174,97
174,124
175,97
175,124
176,97
176,124
177,97
177,124
178,282
178,263
179,97
179,124
180,97
180,124
181,97
182,97
183,97
183,124
184,124
184,97
184,150
184,57
184,138
185,6
185,84
185,97
186,97
186,124
187,97
187,124
188,97
188,124
189,97
189,124
190,97
190,124
191,97
191,124
192,97
192,124
193,97
193,124
193,173
193,117
194,97
194,124
195,97
196,140
196,97
196,144
196,94
197,97
197,124
198,97
198,124
199,97
199,124
200,263
200,97
201,284
201,88
202,97
202,124
203,201
203,269
203,177
203,30
204,97
204,263
204,163
204,297
204,122
205,67
205,198
205,82
206,263
206,117
206,122
207,97
207,124
208,97
208,124
209,97
209,124
210,263
210,172
211,97
211,124
212,97
212,124
213,97
213,124
214,97
214,124
215,97
215,34
215,181
216,97
216,124
217,97
217,124
218,97
218,124
219,97
219,124
220,97
220,124
221,97
221,124
222,126
222,626
222,254
222,256
222,40
222,53
223,97
223,124
224,97
224,124
225,97
225,124
226,97
226,124
227,97
227,124
228,97
228,124
229,97
229,117
230,97
230,124
231,97
231,124
232,97
232,124
233,97
233,187
233,120
234,97
234,124
235,289
236,97
236,124
237,97
237,124
238,234
238,167
238,273
239,97
240,97
240,124
241,97
241,124
242,97
242,124
243,97
243,124
244,97
244,124
245,97
245,124
246,97
246,124
247,97
247,124
248,97
248,124
249,97
250,97
250,124
251,7
251,293
252,97
252,124
253,97
253,124
254,97
254,124
255,97
255,124
256,97
256,124
257,97
257,124
258,97
258,124
259,97
259,124
260,97
260,124
261,97
261,124
262,293
262,263
262,172
263,97
263,124
264,97
264,124
265,97
265,124
266,97
266,124
267,122
267,105
268,97
268,124
269,97
269,124
270,97
270,124
271,97
271,124
272,97
272,124
273,97
273,124
274,97
274,124
275,97
275,124
276,97
276,124
277,97
277,124
278,97
278,124
279,97
279,124
280,97
280,124
281,97
281,124
282,97
282,124
283,97
284,97
284,124
285,97
285,124
286,97
286,124
287,97
287,124
288,97
288,124
289,97
289,124
290,97
290,124
291,97
291,124
292,97
293,97
293,124
294,97
294,124
295,97
295,124
296,97
296,124
297,97
297,124
298,97
298,124
299,97
299,124
300,97
300,124
301,248
301,293
301,34
301,171
302,97
302,124
303,97
303,124
304,97
305,97
305,124
306,97
306,124
307,117
307,122
308,259
308,124
308,263
308,66
308,129
309,97
309,124
310,97
310,124
311,293
311,79
311,124
311,263
311,57
312,97
312,124
313,97
313,124
314,97
314,124
315,97
315,124
316,97
316,124
317,97
317,124
318,136
318,177
318,97
318,66
318,82
319,97
319,124
320,97
320,124
321,97
321,124
322,97
322,124
323,110
323,232
323,263
323,111
323,34
324,97
324,124
325,97
325,124
326,97
326,124
327,97
327,124
328,97
328,124
329,97
329,124
330,97
330,124
331,97
331,124
332,97
332,124
333,97
333,124
334,97
334,124
335,97
335,124
336,97
336,124
337,97
338,97
338,124
339,97
339,124
340,97
340,124
341,97
341,124
342,97
342,124
343,97
343,124
344,97
344,197
344,297
345,97
345,124
346,97
346,124
347,263
347,172
348,97
348,124
349,97
349,124
350,97
350,124
351,97
351,124
352,97
352,124
353,97
353,124
354,97
354,124
355,265
355,172
356,97
356,124
357,97
357,124
358,97
358,124
359,97
359,124
360,97
360,124
361,97
361,124
362,97
362,124
363,97
363,124
364,207
364,97
364,137
364,263
364,66
365,97
365,124
366,97
366,124
366,173
366,117
366,293
367,97
367,124
368,97
368,124
369,97
369,124
370,97
370,124
371,97
371,124
372,263
373,97
373,124
374,97
374,124
375,97
375,124
376,97
376,124
377,97
377,124
378,97
378,124
379,97
379,124
380,97
380,124
381,97
381,124
382,97
382,124
383,97
383,124
384,97
384,124
385,97
385,124
386,97
387,97
387,124
388,97
388,124
389,97
389,197
389,275
389,208
390,97
390,124
390,293
390,117
391,97
391,124
392,97
392,122
392,117
392,303
393,97
393,124
394,97
395,97
395,124
396,97
396,124
397,97
397,124
398,97
398,124
399,97
399,124
400,97
400,124
401,97
401,124
402,97
402,124
403,97
403,82
403,117
403,122
404,3
405,97
405,124
406,207
406,265
407,97
407,124
408,97
408,124
409,226
409,82
409,122
410,97
410,124
411,97
411,124
412,97
413,97
413,124
414,97
414,124
414,173
414,117
414,293
415,97
415,119
415,291
415,107
416,97
416,124
417,97
417,124
417,122
417,117
418,97
418,124
419,97
419,124
420,97
420,124
421,97
421,124
422,97
422,124
423,97
423,124
424,97
424,124
425,97
426,97
426,124
427,218
427,124
428,97
428,124
429,97
429,117
429,247
429,255
429,38
430,97
430,124
430,287
430,117
431,97
431,124
432,97
432,124
433,97
434,97
434,124
435,97
435,124
436,97
436,124
437,97
437,124
438,97
438,124
439,97
439,124
439,287
439,117
440,293
440,97
440,144
441,97
441,124
442,97
442,124
443,97
443,124
443,122
443,117
444,97
444,124
445,97
445,124
446,97
446,124
447,97
447,124
448,97
448,124
449,97
449,124
450,57
450,122
451,97
451,122
451,117
451,303
452,97
452,124
453,97
454,97
454,124
455,97
455,124
456,97
456,124
457,97
457,159
457,117
458,97
459,97
459,124
460,97
460,124
461,97
461,124
462,97
462,124
463,97
463,124
464,97
464,124
465,97
465,124
466,263
466,122
467,97
467,124
468,97
469,97
469,124
470,97
470,124
471,97
471,124
472,97
472,124
472,122
472,117
473,97
473,124
474,97
474,124
475,97
475,124
476,97
476,124
477,97
477,124
478,97
479,162
479,117
479,284
480,97
480,124
481,97
481,124
482,97
482,124
483,97
483,124
484,97
484,124
485,97
485,159
485,117
486,97
486,124
487,293
487,97
487,117
488,97
488,124
489,97
489,124
490,97
490,122
490,117
490,303
491,97
491,138
491,122
491,171
491,129
492,97
493,97
493,124
494,97
494,124
495,97
495,124
496,97
496,124
497,97
497,124
498,97
498,124
499,97
499,197
499,274
499,171
499,55
500,97
500,159
500,117
501,293
501,97
501,144
502,97
502,119
502,291
502,107
503,97
503,124
504,97
504,124
505,97
505,124
506,97
506,124
507,293
507,97
507,144
508,97
508,124
509,97
509,124
509,173
509,117
509,293
510,218
510,124
511,97
511,124
511,122
511,117
512,97
512,124
513,97
513,124
514,97
514,124
514,287
514,117
515,97
515,124
516,97
516,124
517,97
517,124
518,97
518,294
518,101
518,115
518,189
519,97
519,119
519,291
519,107
520,97
520,294
520,101
520,115
520,189
521,97
521,124
522,97
522,124
523,97
523,294
523,101
523,115
523,189
524,97
524,124
525,97
526,293
526,97
526,144
527,97
527,124
528,97
528,124
529,97
529,294
529,101
529,115
529,189
530,97
531,293
531,97
531,144
532,97
532,122
532,117
532,303
533,97
533,124
534,97
534,124
534,293
534,117
535,97
535,294
535,101
535,115
535,189
536,97
536,124
537,97
537,124
538,293
538,97
538,144
539,97
539,124
540,97
540,119
540,291
540,107
541,97
541,122
541,117
541,303
542,97
542,124
542,173
542,117
543,293
543,97
543,144
544,97
544,122
544,117
544,303
545,97
545,124
546,97
546,119
546,291
546,107
547,97
547,122
547,117
547,303
548,97
548,124
549,97
549,124
549,122
549,117
550,97
550,124
551,97
551,124
552,97
552,124
553,97
553,124
553,173
553,117
554,97
554,124
555,301
555,97
555,297
555,117
555,129
556,173
556,97
556,263
556,135
556,122
557,282
557,293
557,97
557,82
557,117
558,171
558,129
558,57
558,173
558,67
559,263
559,66
559,122
560,293
560,153
560,34
560,117
561,110
561,293
561,97
561,263
561,144
562,117
562,171
563,303
563,158
563,97
563,117
563,122
564,97
564,199
564,111
565,293
565,244
565,137
565,263
565,128
566,167
566,177
566,97
566,7
566,2
567,97
567,297
567,82
567,263
567,293
568,150
568,50
568,263
568,82
568,117
569,88
569,173
569,97
569,263
570,194
570,124
570,138
570,122
571,73
571,105
571,75
571,34
572,110
572,259
572,97
572,117
572,171
573,97
573,218
573,138
573,166
574,238
574,218
574,18
574,171
574,129
575,297
575,56
575,270
575,2
576,110
576,75
576,263
576,297
576,171
577,97
577,75
577,263
577,218
577,117
578,300
578,134
578,265
578,137
578,226
579,177
579,173
579,97
579,263
579,117
580,117
580,50
580,297
580,171
580,293
581,233
581,95
581,239
582,42
582,542
582,65
582,565
583,42
583,542
583,15
584,281
584,141
584,129
584,138
584,70
585,3
585,295
585,146
585,646
586,188
586,182
586,129
587,182
587,682
587,285
587,685
588,136
588,97
588,129
588,297
588,216
589,236
589,97
589,214
590,177
590,111
590,222
590,297
591,97
591,82
591,171
591,122
591,297
592,218
592,194
592,296
592,163
593,171
593,7
593,122
593,64
594,211
594,182
594,682
594,210
595,268
595,127
595,627
595,180
596,47
596,35
596,58
596,558
597,215
597,21
597,266
598,68
598,24
598,3
598,45
598,545
599,214
600,122
600,44
600,136
600,110
601,118
601,167
601,241
601,303
602,28
602,528
602,145
602,645
602,41
603,111
603,82
603,153
604,214
605,214
606,248
606,169
606,242
607,214
608,214
609,214
610,214
611,214
612,214
613,214
614,214
615,214
616,214
617,3
618,3
619,3
620,3
621,42
621,542
621,131
621,631
622,42
622,542
622,257
623,42
623,542
623,15
624,3
625,3
626,3
627,3
628,3
629,3
630,3
631,3
632,3
633,3
634,3
635,3
636,3
637,3
638,3
639,3
640,3
641,3
642,3
643,3
644,3
645,3
646,3
647,3
648,3
649,3
650,3
651,3
652,3
653,3
654,214
655,3
656,3
657,3
658,3
659,3
660,3
661,3
662,3
663,3
664,3
665,3
666,3
667,3
668,3
669,3
670,214
671,214
672,3
673,3
674,3
675,3
676,3
677,214
678,284
679,3
680,3
681,3
682,3
683,3
684,3
685,3
686,3
687,3
688,3
689,3
690,3
691,3
692,3
693,3
694,3
695,3
696,3
697,3
698,3
699,3
700,3
701,3
702,3
703,3
704,296
704,144
704,246
705,296
705,144
705,246
706,3
707,3
708,296
708,144
708,246
709,296
709,144
709,246
709,46
709,133
710,3
711,3
712,284
712,129
712,169
712,167
713,97
713,263
713,82
713,297
713,129
714,3
715,3
716,214
717,7
717,80
717,284
717,97
717,297
718,3
719,3
720,147
720,4
720,6
720,212
721,3
722,3
723,110
723,136
723,44
724,3
725,3
726,3
727,3
728,3
729,3
730,3
731,3
732,3
733,3
734,3
735,3
736,3
737,3
738,3
739,3
740,3
741,2
741,43
741,121
741,81
742,3
743,3
744,3
745,3
746,3
747,3
748,3
749,136
749,265
749,170
749,297
750,3
751,2
751,201
752,2
752,226
752,271
753,3
754,3
755,3
756,3
757,3
758,3
759,3
760,3
761,3
762,3
763,3
764,3
765,3
766,3
767,3
767,129
768,3
769,3
769,129
770,3
771,3
772,3
773,3
774,3
775,3
776,3
777,3
778,3
779,3
780,3
781,3
782,3
783,3
784,3
785,3
786,3
787,3
788,3
789,3
790,3
791,3
792,3
793,3
794,3
795,3
796,3
797,3
798,3
799,3
800,3
801,3
802,3
803,3
804,3
805,3
806,3
807,3
808,3
809,3
810,3
811,3
812,3
813,3
814,3
815,3
816,3
817,3
818,3
819,3
820,3
821,3
822,3
823,3
824,3
825,3
826,3
827,3
828,3
829,3
830,3
831,3
832,3
833,3
834,3
835,3
836,3
837,3
838,3
839,3
840,3
841,3
842,3
843,3
844,3
845,3
846,3
847,3
848,3
849,3
850,3
851,3
852,3
853,3
854,3
855,3
856,3
857,3
858,3
859,3
860,3
861,3
862,3
863,3
864,3
865,3
866,3
867,3
868,3
869,3
870,3
871,3
872,3
873,3
874,3
875,3
876,3
877,3
878,3
879,3
880,3
881,3
882,3
883,3
884,3
885,3
886,3
887,3
888,3
889,3
890,3
891,3
892,3
893,3
894,3
895,3
896,3
897,3
898,3
899,3
900,3
901,3
902,3
903,3
904,3
905,3
906,3
907,3
908,3
909,3
910,3
911,3
912,3
913,3
914,3
915,3
916,3
917,3
918,3
919,3
920,3
921,3
922,3
923,3
924,3
925,3
926,3
927,3
928,3
929,3
930,3
931,3
932,3
932,41
933,3
934,3
935,3
935,41
936,3
936,167
937,3
937,41
938,3
939,3
940,3
941,3
942,3
943,3
943,167
944,3
944,167
945,3
945,167
946,3
946,167
947,3
947,167
948,3
948,167
949,3
950,297
950,52
951,297
951,167
952,129
952,41
953,218
953,97
954,297
954,167
955,97
956,144
957,117
957,122
957,103
958,284
959,297
960,42
960,542
960,15
961,48
961,109
961,290
961,264
962,4
962,12
962,203
963,224
963,51
963,276
964,299
964,168
964,63
964,563
965,4
965,193
965,67
965,166
965,17
966,4
966,151
966,284
966,288
967,4
967,243
967,234
967,98
967,598
968,151
968,226
968,82
968,111
968,222
969,4
969,151
969,284
969,288
970,220
970,7
970,32
970,263
970,34
971,4
971,6
972,160
972,660
972,22
972,91
973,4
973,250
973,83
973,260
974,207
974,177
974,265
974,263
974,122
975,136
975,297
976,286
976,786
976,106
976,252
977,207
977,219
977,97
977,171
978,7
978,151
978,97
978,222
978,122
979,151
979,207
979,44
979,64
979,218
980,7
980,151
980,207
980,73
980,64
981,167
981,71
981,69
982,296
982,248
982,273
982,163
982,218
983,209
983,709
983,179
983,679
983,227
983,192
984,4
985,4
986,4
987,4
988,4
989,4
990,4
991,4
992,4
993,4
994,4
995,4
996,4
997,4
998,231
998,97
998,87
998,148
998,143
999,4
1000,4
1001,4
1002,4
1003,4
1004,4
1005,7
1005,177
1005,226
1005,82
1005,297
1006,138
1006,169
1006,144
1006,248
1007,138
1007,169
1007,144
1007,248
1008,4
1009,4
1010,4
1010,167
1010,136
1010,11
1010,16
1011,7
1011,151
1011,165
1011,297
1012,4
1013,4
1014,4
1015,4
1016,4
1016,167
1016,225
1016,272
1016,221
1017,138
1017,169
1017,144
1017,248
1018,151
1018,201
1018,301
1019,7
1019,151
1019,97
1019,297
1019,90
1020,151
1020,240
1020,278
1020,92
1021,117
1021,172
1022,297
1022,144
1022,165
1023,207
1023,122
1024,162
1024,97
1024,129
1025,297
1025,144
1025,165
1026,6
1026,129
1026,54
1026,136
1027,84
1027,303
1027,62
1027,162
1028,226
1028,82
1028,216
1028,111
1028,144
1029,6
1029,84
1029,167
1029,8
1029,164
1030,6
1030,84
1030,85
1030,279
1031,6
1031,84
1031,81
1031,80
1031,154
1032,136
1032,84
1032,82
1032,111
1033,6
1033,84
1033,271
1034,6
1034,84
1034,167
1034,194
1035,6
1035,84
1035,97
1036,6
1036,84
1036,226
1036,271
1036,204
1037,6
1037,84
1037,123
1037,167
1038,6
1038,84
1038,114
1039,6
1039,84
1039,167
1039,81
1039,80
1040,34
1041,84
1041,177
1041,104
1042,111
1042,222
1042,18
1042,144
1042,90
1043,249
1043,749
1044,249
1044,749
1045,249
1045,749
1046,249
1046,749
1047,218
1048,10
1048,5
1048,72
1049,112
1049,74
1049,130
1050,297
1050,34
1050,144
1051,99
1051,599
1051,249
1051,749
1052,99
1052,599
1052,249
1052,749
1053,99
1053,599
1053,249
1053,749
1054,99
1054,599
1054,249
1054,749
1055,99
1055,599
1055,249
1055,749
1056,99
1056,599
1056,249
1056,749
1057,263
1057,117
1058,300
1058,103
1058,263
1058,175
1058,218
1059,300
1059,103
1059,263
1059,175
1059,218
1060,300
1060,103
1060,263
1060,175
1060,218
1061,300
1061,103
1061,263
1061,175
1061,218
1062,300
1062,103
1062,263
1062,175
1062,218
1063,117
1063,218
1063,300
1063,138
1064,23
1064,27
1064,78
1064,52
1064,283
1065,297
1065,117
1066,97
1066,34
1067,263
1067,234
1068,97
1068,111
1068,34
1069,273
1069,34
1070,303
1070,300
1071,167
1072,263
1072,167
1073,144
1073,97
1074,284
1074,162
1075,303
1075,162
1075,102
1075,157
1075,112
1076,251
1076,59
1076,125
1077,304
1077,804
1077,286
1077,786
1078,293
1078,263
1078,122
1079,286
1079,786
1079,253
1079,116
1079,252
1079,206
1080,296
1080,232
1080,66
1080,186
1080,218
1081,33
1081,162
1081,246
1082,284
1082,162
1082,177
1082,303
1082,301
1083,230
1083,84
1083,284
1084,177
1084,284
1085,34
1085,144
1086,263
1086,144
1087,162
1087,122
1087,263
1088,122
1089,247
1089,111
1089,9
1089,49
1090,226
1090,82
1090,216
1090,34
1090,144
1091,82
1091,111
1091,297
1091,144
1092,112
1093,242
1093,297
1093,144
1094,165
1094,97
1094,226
1094,297
1095,222
1095,297
1095,144
1096,248
1096,105
1096,226
1096,216
1096,34
1097,153
1097,82
1097,34
1098,194
1098,153
1098,226
1098,82
1098,216
1099,300
1099,226
1099,82
1099,216
1099,175
1100,297
1100,34
1101,284
1101,186
1101,34
1101,218
1101,144
1102,4
1102,6
1102,84
1102,228
1103,298
1103,798
1103,13
1103,76
1103,258
1104,297
1104,82
1104,34
1104,144
1104,111
1105,110
1105,88
1105,97
1105,82
1105,144
1106,273
1106,297
1106,34
1106,175
1106,218
1107,194
1107,300
1107,104
1107,34
1107,122
1108,245
1108,297
1108,114
1109,1
1109,7
1109,124
1109,111
1109,34
1110,297
1110,218
1110,144
1111,82
1111,111
1111,297
1111,34
1111,144
1112,297
1112,144
1113,162
1113,297
1113,34
1114,284
1114,34
1115,218
1115,144
1116,97
1117,122
1117,97
1118,297
1118,144
1119,82
1119,144
1119,105
1120,297
1120,144
1120,88
1121,229
1121,163
1121,139
1121,111
1121,190
1122,136
1122,284
1122,82
1122,144
1123,82
1124,144
1124,297
1125,149
1125,174
1125,97
1125,303
1126,142
1126,303
1126,301
1127,303
1127,217
1127,102
1128,303
1128,156
1128,226
1129,191
1129,301
1129,196
1129,200
1129,166
1130,162
1130,232
1130,144
1131,194
1131,177
1131,153
1132,142
1132,303
1132,301
1132,93
1133,142
1133,303
1133,301
1134,142
1134,303
1134,301
1135,142
1135,303
1135,301
1135,93
1136,305
1136,805
1137,305
1137,805
1138,305
1138,805
1139,305
1139,805
1140,305
1140,805
1141,305
1141,805
1142,306
1142,223
1142,184
1142,77
1142,178
1143,150
1143,265
1143,50
1143,122
1144,110
1144,88
1144,173
1144,97
1145,248
1145,124
1145,64
1145,34
1146,142
1146,301
1147,117
1147,284
1148,64
1148,34
1148,218
1149,303
1149,117
1149,97
1150,303
1150,105
1151,122
1151,284
1151,88
1152,34
1152,117
1153,105
1153,97
1154,273
1154,44
1154,34
1155,177
1155,97
1156,108
1156,237
1156,39
1157,136
1157,44
1157,36
1157,164
1157,185
1158,110
1158,303
1158,44
1158,277
1158,297
1159,110
1159,303
1159,44
1159,277
1159,297
1160,303
1160,183
1160,25
1161,103
1161,64
1162,103
1162,64
1163,103
1163,64
1164,103
1164,64
1165,103
1165,64
1166,103
1166,64
1167,103
1167,64
1168,103
1168,64
1169,103
1169,64
1170,103
1170,64
1171,103
1171,64
1172,103
1172,64
1173,103
1173,64
1174,103
1174,64
1175,103
1175,64
1176,103
1176,64
1177,103
1177,64
1178,103
1178,64
1179,103
1179,64
1180,103
1180,64
1181,103
1181,64
1182,103
1182,64
1183,103
1183,64
1184,103
1184,64
1185,103
1185,64
1186,103
1186,64
1187,103
1187,64
1188,103
1188,64
1189,103
1189,64
1190,103
1190,64
1191,103
1191,64
1192,103
1192,64
1193,103
1193,64
1194,103
1194,64
1195,103
1195,64
1196,103
1196,64
1197,103
1197,64
1198,103
1198,64
1199,103
1199,64
1200,103
1200,64
1201,103
1201,64
1202,103
1202,64
1203,103
1203,64
1204,103
1204,64
1205,103
1205,64
1206,103
1206,64
1207,103
1207,64
1208,103
1208,64
1209,103
1209,64
1210,103
1210,64
1211,103
1211,64
1212,103
1212,64
1213,103
1213,64
1214,103
1215,103
1216,103
1217,103
1218,103
1219,103
1220,103
1221,44
1221,64
1221,82
1221,216
1221,297
1222,64
1222,122
1223,103
1223,263
1223,117
