tIndex,Tag,TagNor
1,BE,BE
2,BG,愛情
3,BG愛情,愛情
4,BL,BL
5,C8取n的有趣互動,C8取n的有趣互動
6,GL,GL
7,HE,HE
8,OL,OL
9,Youtube,Youtube
10,youtuber店員的日常記事,Youtube
11,一方死亡,一方死亡
12,人格分裂,人格分裂
13,十年創作經歷,十年創作經歷
14,女主,女主
15,女強重生,女主
16,小編哭3次,小編哭3次
17,不按牌理出牌才是王道,不按牌理出牌才是王道
18,中二,中二
19,中樂透,中樂透
20,公主婆爆,公主婆爆
21,分手不快樂,分手不快樂
22,反差萌,反差萌
23,天使,天使
24,天界護法轉世,天使
25,天師少年,少年
26,天然呆蘿莉,少女
27,少女,少女
28,少年少女,少年
528,少年少女,少女
29,少年們的合宿生活(?),少年
30,幻想,幻想
31,幻想冒險,幻想
531,幻想冒險,冒險
32,手足,手足
33,日式古風,古風
34,日常,日常
35,火山爆發,末日
36,世仇,世仇
37,世界末日,末日
38,世界名著,世界名著
39,仙俠,仙俠
40,兄控妹妹,兄控
41,古代,古代
42,古代言情,古代
542,古代言情,愛情
43,古典,古典
44,古風,古風
45,古風奇幻,奇幻
545,古風奇幻,古風
46,只好一起睡了,愛情
47,台北覆滅,末日
48,台味BL,BL
49,台灣冒險,冒險
50,史詩,史詩
51,囚禁,囚禁
52,失戀,失戀
53,巨乳幼馴染,青梅竹馬
54,平行時空,平行時空
55,幼馴染,青梅竹馬
56,末日,末日
57,末世,末日
58,末世愛情,末日
558,末世愛情,愛情
59,本格推理,推理
60,正劇,正劇
61,民族風,民族風
62,犯罪,犯罪
63,犯罪懸疑,犯罪
563,犯罪懸疑,懸疑
64,玄幻,玄幻
65,玄幻仙俠,玄幻
565,玄幻仙俠,仙俠
66,生存,生存
67,生存遊戲,生存
68,石榴石妖精,石榴石妖精
69,先吃後愛(?),愛情
70,先婚後愛,愛情
71,吃播,吃播
72,各色美男應有盡有,帥哥
73,同居,同居
74,同居日常,同居
75,后宮,愛情
76,因妹妹而死的我,因妹妹而死的我
77,因果業障,靈異
78,宅男,宅男
79,宇宙,宇宙
80,年下,年下
81,年齡差,年齡差
82,成長,成長
83,有貓就是正義,有貓就是正義
84,百合,GL
85,西方古典,西方古典
86,克蘇魯,妖怪
87,吸血鬼,妖怪
88,妖怪,妖怪
89,妖精使,妖怪
90,快穿,穿越
91,我的純情上司怎麼那麼可愛,BL
92,扭曲,扭曲
93,每個人都是異常者,穿越
94,每週四更新,每週四更新
95,求而不得,求而不得
96,系統,系統
97,奇幻,奇幻
98,奇幻冒險,奇幻
598,奇幻冒險,冒險
99,奇幻校園,奇幻
599,奇幻校園,校園
100,姊妹,手足
101,怪物,妖怪
102,怪談,靈異
103,武俠,武俠
104,治療,治療
105,治癒,治療
106,法庭攻防,法庭攻防
107,玩家,玩家
108,直播斗內,Youtube
109,社恐房東,社恐房東
110,長篇,長篇
111,青春,青春
112,青春校園,青春
113,青春熱血,青春
114,青梅竹馬,青梅竹馬
115,便利商店,便利商店
116,信件解謎,推理
117,冒險,冒險
118,前生今世,前生今世
119,勇者,英雄
120,契約,契約
121,姨甥,姨甥
122,架空,架空
123,架空背景,架空
124,科幻,科幻
125,科幻未來,科幻
126,科幻校園,科幻
626,科幻校園,校園
127,科幻愛情,科幻
627,科幻愛情,愛情
128,科技,科幻
129,穿越,穿越
130,穿越到乙女遊戲裡變成狗狗是不是搞錯了什麼?,穿越
131,穿越架空,穿越
631,穿越架空,穿越
132,穿越異世界,穿越
632,穿越異世界,異世界
133,美少女神明侵占我的床,穿越
134,美食,美食
135,英雄,英雄
136,虐心,虐心
137,軍事,軍事
138,重生,重生
139,音樂,音樂
140,宮廷,宮廷
141,宮廷風,宮廷
142,恐怖,黑暗
143,捐血,捐血
144,校園,校園
145,浪漫奇幻,奇幻
645,浪漫奇幻,愛情
146,浪漫輕喜劇,愛情
646,浪漫輕喜劇,搞笑
147,特別企劃,特別企劃
148,狼人,妖怪
149,神怪,奇幻
150,神話,奇幻
151,耽美,BL
152,迷茫,迷茫
153,追尋自我,追尋自我
154,逆綁架,逆綁架
155,骨科,骨科
156,鬼月,靈異
157,偵探,推理
158,偶像,偶像
159,偽娘,偽娘
160,偽娘攻,偽娘
660,偽娘攻,BL
161,彗星撞地球,末日
162,推理,推理
163,救贖,救贖
164,殺手,黑暗
165,清水,清水
166,爽文,爽文
167,現代,現代
168,現代輕奇幻,現代
169,甜文,甜文
170,甜寵,甜文
171,異世界,異世界
172,異界,穿越
173,異能,奇幻
174,異想,奇幻
175,軟萌,軟萌
176,這次你要PICK哪一個？,偶像
177,都市,都市
178,都市傳說,靈異
179,都市療癒,都市
679,都市療癒,療癒
180,都是月亮惹的禍,都是月亮惹的禍
181,都會,都市
182,都會愛情,都市
682,都會愛情,愛情
183,陰陽,靈異
184,陰陽兩隔也要永遠相伴,靈異
185,陰謀,黑暗
186,惡搞,搞怪
187,惡魔,黑暗
188,最美的愛情是遺憾,愛情
189,森林,森林
190,殘酷,殘酷
191,無CP,無CP
192,無法實現的暗戀,愛情
193,無限流,無限流
194,短篇,短篇
195,硬奇幻,奇幻
196,童年,童話
197,童話,童話
198,虛心,虛心
199,虛擬,科幻
200,超級英雄,英雄
201,黑暗,黑暗
202,黑幫,黑道流氓
203,催眠,黑暗
204,催淚,催淚
205,傲嬌,傲嬌
206,微BL,BL
207,微腐,BL
208,微懸疑,懸疑
209,微靈異奇幻,靈異
709,微靈異奇幻,奇幻
210,想愛卻不能愛,愛情
211,想靠近卻害怕失去,愛情
212,愛的各種樣貌,愛情
213,愛能夠被複製嗎,愛情
214,愛情,愛情
215,愛情消失的證據,愛情
216,感動,感動
217,搞怪,搞怪
218,搞笑,搞笑
219,搭檔,搭檔
220,新手上路,新手上路
221,暖心短篇,短篇
222,暗戀,愛情
223,溫柔女鬼讓你不再孤單(?),靈異
224,溫柔病態功 X 失禁迷茫受,BL
225,溫柔電波青年攻x軟綿抱枕少年受,BL
226,溫馨,溫馨
227,溫馨玻璃渣,溫馨
228,禁斷戀,禁斷戀
229,罪惡,黑暗
230,腹黑,腹黑
231,萬聖節,萬聖節
232,解謎,推理
233,跨域,跨域
234,遊戲,遊戲
235,電影改編,電影改編
236,預言,預言
237,實境,實境
238,慠嬌,傲嬌
239,演藝圈,演藝圈
240,監禁,黑暗
241,網紅,網紅
242,網遊,遊戲
243,腐,BL
244,蒸氣龐克SteamPunk,奇幻
245,輕小說,輕小說
246,輕奇幻,奇幻
247,輕推理,推理
248,輕鬆,輕鬆
249,輕鬆搞笑,搞笑
749,輕鬆搞笑,搞笑
250,輕懸疑,懸疑
251,劇本殺,懸疑
252,劇情翻轉,反轉
253,寫實,寫實
254,廢人社,廢材
255,廢土文學,末日
256,廢材男主,廢材
257,廢材逆襲,廢材
258,熟悉的小鹿最對味,熟悉的小鹿最對味
259,熱血,熱血
260,誰才是真正的怪物,誰才是真正的怪物
261,養成,養成
262,戰爭,戰鬥
263,戰鬥,戰鬥
264,機台比賽,競技
265,歷史,歷史
266,謀殺案,懸疑
267,遲來的救贖,救贖
268,遺忘是最好的解藥,遺忘是最好的解藥
269,擬人,擬人
270,殭屍,妖怪
271,療癒,療癒
272,療癒與被療癒,療癒
273,職場,職場
274,轉生,轉生
275,轉折,反轉
276,雙向奔赴,雙向奔赴
277,雙向救贖,救贖
278,雙重人格,人格分裂
279,騎士,騎士
280,獸耳,獸耳
281,羅曼史,愛情
282,羅莉,蘿莉
283,願望,願望
284,懸疑,懸疑
285,懸疑反轉,懸疑
785,懸疑反轉,反轉
286,懸疑推理,懸疑
786,懸疑推理,推理
287,競技,競技
288,警偵,推理
289,議題,議題
290,霸氣刺青8+9,黑道流氓8+9
291,魔王,異世界
292,魔王勇者,異世界
293,魔法,魔法
294,魔物,異世界
295,歡喜冤家,歡樂
296,歡樂,歡樂
297,戀愛,愛情
298,戀愛喜劇,愛情
798,戀愛喜劇,搞笑
299,戀愛養成,愛情
300,蘿莉,蘿莉
301,驚悚,驚悚
302,驚悚推理,驚悚
802,驚悚推理,推理
303,靈異,靈異
304,靈異搞笑,靈異
804,靈異搞笑,搞笑
305,靈異驚悚,靈異
805,靈異驚悚,驚悚
306,讚豆拿搞鬼盒,靈異
